mean_fit_time,std_fit_time,mean_score_time,std_score_time,param_C,params,split0_test_score,split1_test_score,split2_test_score,split3_test_score,split4_test_score,mean_test_score,std_test_score,rank_test_score
293.9879651069641,8.295220266924508,20.85191125869751,1.418174852631158,1,{'C': 1},0.9385265133740028,0.9375879868606288,0.9386733416770964,0.9385168961201502,0.9385168961201502,0.9383643268304057,0.0003926966196489822,1
389.35026063919065,14.003111415318854,21.3437922000885,0.7779825818499043,10,{'C': 10},0.9374315657750665,0.9358673549194432,0.9364831038798498,0.9380475594493116,0.9371088861076345,0.9369876940262613,0.000754293748492483,2
367.6828006267548,17.946321089023822,20.9756649017334,1.109814815517072,50,{'C': 50},0.9360237760050055,0.9352416705771938,0.9355444305381727,0.9371088861076345,0.936639549436796,0.9361116625329606,0.0006869471045040366,3
378.019287776947,47.09125286115679,21.10291805267334,0.45999347050273454,100,{'C': 100},0.9360237760050055,0.9352416705771938,0.9355444305381727,0.9371088861076345,0.936639549436796,0.9361116625329606,0.0006869471045040366,3
371.8631855487823,32.74131118898743,19.665920543670655,0.9389101151634289,200,{'C': 200},0.9360237760050055,0.9352416705771938,0.9355444305381727,0.9371088861076345,0.936639549436796,0.9361116625329606,0.0006869471045040366,3
384.3025918483734,18.86011725210803,21.562360858917238,2.175219453142405,500,{'C': 500},0.9360237760050055,0.9352416705771938,0.9355444305381727,0.9371088861076345,0.936639549436796,0.9361116625329606,0.0006869471045040366,3
395.13471484184265,16.905630323517038,22.625398635864258,1.4661296773664159,1000,{'C': 1000},0.9360237760050055,0.9352416705771938,0.9355444305381727,0.9371088861076345,0.936639549436796,0.9361116625329606,0.0006869471045040366,3
