mean_fit_time,std_fit_time,mean_score_time,std_score_time,param_C,params,split0_test_score,split1_test_score,split2_test_score,split3_test_score,split4_test_score,mean_test_score,std_test_score,rank_test_score
20.426297855377197,1.1447393089641777,2.8614434719085695,0.08310446174397805,1,{'C': 1},0.9308618801814484,0.9313311434381355,0.9313204005006258,0.9303817271589487,0.9311639549436797,0.9310118212445676,0.0003577242966646654,1
27.209988737106322,1.0548536598084086,2.8483383655548096,0.06397522592653394,10,{'C': 10},0.9305490380103237,0.9307054590958861,0.9302252816020025,0.9305381727158949,0.9306946182728411,0.9305425139393897,0.0001734269978333641,2
27.56995825767517,1.3291332513047165,3.554916524887085,0.9058656041194224,50,{'C': 50},0.9305490380103237,0.9307054590958861,0.9302252816020025,0.9305381727158949,0.9306946182728411,0.9305425139393897,0.0001734269978333641,2
26.762362670898437,0.9323097000637681,2.868044900894165,0.05595846307508533,100,{'C': 100},0.9305490380103237,0.9307054590958861,0.9302252816020025,0.9305381727158949,0.9306946182728411,0.9305425139393897,0.0001734269978333641,2
24.294685554504394,1.0590126283997234,3.0004695415496827,0.07196692900480404,200,{'C': 200},0.9305490380103237,0.9307054590958861,0.9302252816020025,0.9305381727158949,0.9306946182728411,0.9305425139393897,0.0001734269978333641,2
23.775716924667357,1.004110021468122,2.8979259014129637,0.1572125580492073,500,{'C': 500},0.9305490380103237,0.9307054590958861,0.9302252816020025,0.9305381727158949,0.9306946182728411,0.9305425139393897,0.0001734269978333641,2
24.478765726089478,1.8043535229152494,2.961981773376465,0.16987050872571752,1000,{'C': 1000},0.9305490380103237,0.9307054590958861,0.9302252816020025,0.9305381727158949,0.9306946182728411,0.9305425139393897,0.0001734269978333641,2
