mean_fit_time,std_fit_time,mean_score_time,std_score_time,param_C,params,split0_test_score,split1_test_score,split2_test_score,split3_test_score,split4_test_score,mean_test_score,std_test_score,rank_test_score
5.611140155792237,0.06545481223075067,0.8726485252380372,0.0061865288768330785,1,{'C': 1},0.9297669325825121,0.9297669325825121,0.9299123904881101,0.9300688360450563,0.9294430538172715,0.9297916291030923,0.0002069548583276161,1
8.106080770492554,3.444441763856714,0.8450934410095214,0.010413516133449438,10,{'C': 10},0.9294540904113875,0.9299233536680744,0.9299123904881101,0.9300688360450563,0.9294430538172715,0.9297603448859799,0.000260507945708132,2
6.117452907562256,0.16681074922938818,0.8593226432800293,0.014615227782781206,50,{'C': 50},0.9294540904113875,0.9299233536680744,0.9299123904881101,0.9300688360450563,0.9294430538172715,0.9297603448859799,0.000260507945708132,2
5.900106954574585,0.040505164974586144,0.8369561672210694,0.006895481488157784,100,{'C': 100},0.9294540904113875,0.9299233536680744,0.9299123904881101,0.9300688360450563,0.9294430538172715,0.9297603448859799,0.000260507945708132,2
6.213371706008911,0.0885997643136992,0.8641132831573486,0.023143876154422607,200,{'C': 200},0.9294540904113875,0.9299233536680744,0.9299123904881101,0.9300688360450563,0.9294430538172715,0.9297603448859799,0.000260507945708132,2
6.420851230621338,0.3018317012509473,0.9780009269714356,0.14344547834933866,500,{'C': 500},0.9294540904113875,0.9299233536680744,0.9299123904881101,0.9300688360450563,0.9294430538172715,0.9297603448859799,0.000260507945708132,2
5.9422770023345945,0.18621368474266073,0.8388678073883057,0.008098694770873924,1000,{'C': 1000},0.9294540904113875,0.9299233536680744,0.9299123904881101,0.9300688360450563,0.9294430538172715,0.9297603448859799,0.000260507945708132,2
