mean_fit_time,std_fit_time,mean_score_time,std_score_time,param_C,params,split0_test_score,split1_test_score,split2_test_score,split3_test_score,split4_test_score,mean_test_score,std_test_score,rank_test_score
78.98434281349182,7.885870751276974,7.422540473937988,0.3318714453045595,1,{'C': 1},0.9339903018926952,0.9350852494916315,0.9336670838548186,0.9333541927409261,0.9321026282853567,0.9336398912530856,0.0009651309303378352,1
83.5954894065857,3.9907029811990506,7.118252563476562,0.5173526381267446,10,{'C': 10},0.9314875645236977,0.9338338808071328,0.9327284105131415,0.9319461827284106,0.929755944931164,0.9319503967007094,0.0013551876491457266,2
85.12536826133729,3.514215826850342,6.9313063621521,0.4017662566127764,50,{'C': 50},0.9314875645236977,0.9338338808071328,0.9325719649561952,0.9319461827284106,0.929755944931164,0.9319191075893201,0.0013385674718459659,3
87.41683435440063,3.8661543338251714,7.2883342742919925,0.3816248449466606,100,{'C': 100},0.9314875645236977,0.9338338808071328,0.9325719649561952,0.9319461827284106,0.929755944931164,0.9319191075893201,0.0013385674718459659,3
87.5654402732849,3.9100994646164566,7.481511068344116,0.8424254923694371,200,{'C': 200},0.9314875645236977,0.9338338808071328,0.9325719649561952,0.9319461827284106,0.929755944931164,0.9319191075893201,0.0013385674718459659,3
93.16665577888489,4.830182041483234,7.5126536846160885,0.2582193436137724,500,{'C': 500},0.9314875645236977,0.9338338808071328,0.9325719649561952,0.9319461827284106,0.929755944931164,0.9319191075893201,0.0013385674718459659,3
89.94944219589233,2.5772051987282456,6.9381688117980955,0.31156080746665754,1000,{'C': 1000},0.9314875645236977,0.9338338808071328,0.9325719649561952,0.9319461827284106,0.929755944931164,0.9319191075893201,0.0013385674718459659,3
