mean_fit_time,std_fit_time,mean_score_time,std_score_time,param_C,params,split0_test_score,split1_test_score,split2_test_score,split3_test_score,split4_test_score,mean_test_score,std_test_score,rank_test_score
1.0472620964050292,0.048918311507863986,0.1749943256378174,0.012993352714416031,1,{'C': 1},0.7349926793557833,0.7349926793557833,0.7360703812316716,0.7360703812316716,0.7346041055718475,0.7353460453493514,0.0006081997410549188,1
1.0719193935394287,0.052438047864756025,0.17797517776489258,0.007673723085929489,5,{'C': 5},0.705710102489019,0.6969253294289898,0.7140762463343109,0.7126099706744868,0.7302052785923754,0.7119053855038364,0.01098069920997001,2
1.0005953311920166,0.17632058485763252,0.14330086708068848,0.036667298936551365,10,{'C': 10},0.7115666178623719,0.6808199121522694,0.6994134897360704,0.6935483870967742,0.7155425219941349,0.7001781857683241,0.012530290986737427,3
0.9766633987426758,0.18367107231291496,0.15084357261657716,0.029140478359854883,20,{'C': 20},0.7130307467057101,0.6837481698389458,0.6920821114369502,0.6891495601173021,0.717008797653959,0.6990038771505734,0.013406604657515732,4
1.1195441722869872,0.06291870584078102,0.16608748435974122,0.0036787534378444732,50,{'C': 50},0.7086383601756955,0.6822840409956076,0.6950146627565983,0.6774193548387096,0.717008797653959,0.696073043284114,0.015069239169195094,5
1.1073813438415527,0.06343281812093124,0.16019058227539062,0.00472973013656425,100,{'C': 100},0.7086383601756955,0.6822840409956076,0.6950146627565983,0.6774193548387096,0.717008797653959,0.696073043284114,0.015069239169195094,5
1.1033822059631349,0.04756923086170843,0.15932974815368653,0.010737528966421009,200,{'C': 200},0.7086383601756955,0.6822840409956076,0.6950146627565983,0.6774193548387096,0.717008797653959,0.696073043284114,0.015069239169195094,5
1.1407787799835205,0.015316097668558007,0.16590728759765624,0.0065131850476279505,500,{'C': 500},0.7086383601756955,0.6822840409956076,0.6950146627565983,0.6774193548387096,0.717008797653959,0.696073043284114,0.015069239169195094,5
1.126759910583496,0.07457690166153758,0.16460390090942384,0.003632541964076826,1000,{'C': 1000},0.7086383601756955,0.6822840409956076,0.6950146627565983,0.6774193548387096,0.717008797653959,0.696073043284114,0.015069239169195094,5
