mean_fit_time,std_fit_time,mean_score_time,std_score_time,param_C,params,split0_test_score,split1_test_score,split2_test_score,split3_test_score,split4_test_score,mean_test_score,std_test_score,rank_test_score
8.76578221321106,0.4388887792785363,2.0960930824279784,0.19066758427420696,1,{'C': 1},0.7730600292825769,0.767203513909224,0.7771260997067448,0.7668621700879765,0.7727272727272727,0.7713958171427588,0.0038860745309943737,2
9.575602626800537,1.4018221304586647,1.8170840263366699,0.3118267630022136,5,{'C': 5},0.7686676427525623,0.767203513909224,0.7536656891495601,0.782991202346041,0.7991202346041055,0.7743296565522986,0.015488285855698284,1
10.208227252960205,0.1508476956390413,2.0653106689453127,0.045227684958812006,10,{'C': 10},0.7584187408491947,0.7686676427525623,0.7536656891495601,0.7609970674486803,0.7888563049853372,0.766121089037067,0.01236198795698784,3
8.864774417877197,1.643154358819947,1.7674903392791748,0.2752055783895365,20,{'C': 20},0.7525622254758418,0.7642752562225475,0.7609970674486803,0.7521994134897361,0.782991202346041,0.7626050329965693,0.01122591644181003,4
7.912710380554199,1.4407904298464846,1.5374812602996826,0.29688296302145173,50,{'C': 50},0.739385065885798,0.7554904831625183,0.7580645161290323,0.749266862170088,0.7712609970674487,0.754693584882977,0.010490733474007655,5
9.993175792694093,0.23771513573263525,1.8691792964935303,0.060636949892280204,100,{'C': 100},0.7320644216691069,0.7452415812591509,0.7551319648093842,0.7434017595307918,0.7697947214076246,0.7491268897352116,0.012666655020203237,9
9.936517190933227,0.43951454299446724,1.894100284576416,0.058863299641822756,200,{'C': 200},0.7320644216691069,0.7437774524158126,0.7551319648093842,0.7463343108504399,0.7697947214076246,0.7494205742304736,0.012572443936964321,8
10.059505510330201,0.15480128781570907,1.8463982582092284,0.13992223604563747,500,{'C': 500},0.7320644216691069,0.7437774524158126,0.7551319648093842,0.7478005865102639,0.7697947214076246,0.7497138293624385,0.012514000786647961,6
9.605781888961792,0.8353624975708268,1.920557975769043,0.06656004511303354,1000,{'C': 1000},0.7320644216691069,0.7437774524158126,0.7551319648093842,0.7478005865102639,0.7697947214076246,0.7497138293624385,0.012514000786647961,6
