mean_fit_time,std_fit_time,mean_score_time,std_score_time,param_C,params,split0_test_score,split1_test_score,split2_test_score,split3_test_score,split4_test_score,mean_test_score,std_test_score,rank_test_score
10.067813110351562,1.9053436600154199,2.5031594753265383,0.48028091096987474,1,{'C': 1},0.7628111273792094,0.7715959004392386,0.781524926686217,0.7551319648093842,0.7712609970674487,0.7684649832762996,0.008920963235165764,2
13.305730390548707,0.2155021754115297,2.7687652111053467,0.08136234880182555,5,{'C': 5},0.767203513909224,0.7745241581259151,0.7873900293255132,0.7873900293255132,0.7697947214076246,0.7772604904187579,0.008597477709011004,1
13.673776292800904,0.7811610428148915,2.7993019104003904,0.09125486144875097,10,{'C': 10},0.7642752562225475,0.7569546120058566,0.782991202346041,0.7727272727272727,0.7639296187683284,0.7681755924140091,0.008937241266281863,3
12.988474559783935,2.043206584943062,2.5274786949157715,0.42526269154488705,20,{'C': 20},0.7554904831625183,0.7569546120058566,0.7888563049853372,0.7697947214076246,0.749266862170088,0.7640725967462849,0.014074821927035637,4
12.37100100517273,1.5806776947954382,2.4194381713867186,0.42182133366892116,50,{'C': 50},0.7540263543191801,0.7540263543191801,0.7785923753665689,0.7668621700879765,0.749266862170088,0.7605548232525987,0.010749844547670834,5
13.084903049468995,1.2635534474742591,2.489903688430786,0.30569376460935466,100,{'C': 100},0.7481698389458272,0.7540263543191801,0.7785923753665689,0.7683284457478006,0.750733137829912,0.7599700304418577,0.011632255389565957,6
12.457418155670165,2.0695153055447912,2.5467294216156007,0.41049997720710313,200,{'C': 200},0.746705710102489,0.7584187408491947,0.7785923753665689,0.7668621700879765,0.7448680351906158,0.759089406319369,0.012624062572763184,7
10.572803068161011,0.8536249141626724,2.2448167324066164,0.3694327632538175,500,{'C': 500},0.7379209370424598,0.7452415812591509,0.7785923753665689,0.7712609970674487,0.7316715542521994,0.7529374889975655,0.018605848283409696,8
11.184229326248168,1.1705021789131589,2.487860822677612,0.37787145033333386,1000,{'C': 1000},0.7379209370424598,0.7452415812591509,0.7785923753665689,0.7712609970674487,0.7316715542521994,0.7529374889975655,0.018605848283409696,8
