mean_fit_time,std_fit_time,mean_score_time,std_score_time,param_C,params,split0_test_score,split1_test_score,split2_test_score,split3_test_score,split4_test_score,mean_test_score,std_test_score,rank_test_score
1.5585131645202637,0.06755259950230118,0.3128195285797119,0.0006558785026816221,1,{'C': 1},0.7379209370424598,0.7452415812591509,0.7521994134897361,0.7536656891495601,0.7419354838709677,0.7461926209623749,0.005989603529453472,1
1.6867049217224122,0.0268787242861154,0.3054675579071045,0.005173056508272689,5,{'C': 5},0.7130307467057101,0.705710102489019,0.7463343108504399,0.7243401759530792,0.7390029325513197,0.7256836537099136,0.015262349528853855,2
1.7346138954162598,0.16371787120135975,0.3076613426208496,0.007183903427582674,10,{'C': 10},0.7027818448023426,0.6764275256222547,0.7302052785923754,0.7360703812316716,0.7214076246334311,0.7133785309764151,0.021634197016974353,3
1.5752463817596436,0.12506649049031787,0.27781038284301757,0.019796634835852568,20,{'C': 20},0.698389458272328,0.6515373352855052,0.717008797653959,0.718475073313783,0.7052785923753666,0.6981378513801884,0.024463756038364343,5
1.6806195735931397,0.03758835184494457,0.28052334785461425,0.015152921758111356,50,{'C': 50},0.6954612005856515,0.6530014641288433,0.7243401759530792,0.7038123167155426,0.717008797653959,0.6987247910074151,0.024970420124947944,4
1.6530937671661377,0.08668171281191289,0.2766084671020508,0.00855459464192557,100,{'C': 100},0.6910688140556369,0.6530014641288433,0.7258064516129032,0.6994134897360704,0.7140762463343109,0.6966732931735529,0.02489076621907231,6
1.544480323791504,0.26970228562027715,0.23575754165649415,0.03414206559407471,200,{'C': 200},0.6910688140556369,0.6530014641288433,0.7258064516129032,0.6994134897360704,0.7140762463343109,0.6966732931735529,0.02489076621907231,6
1.1059544086456299,0.1953439657511904,0.15700230598449708,0.005708083718896006,500,{'C': 500},0.6910688140556369,0.6530014641288433,0.7258064516129032,0.6994134897360704,0.7140762463343109,0.6966732931735529,0.02489076621907231,6
1.0647875785827636,0.01491131864606226,0.16696105003356934,0.0026991449224878375,1000,{'C': 1000},0.6910688140556369,0.6530014641288433,0.7258064516129032,0.6994134897360704,0.7140762463343109,0.6966732931735529,0.02489076621907231,6
