mean_fit_time,std_fit_time,mean_score_time,std_score_time,param_C,params,split0_test_score,split1_test_score,split2_test_score,split3_test_score,split4_test_score,mean_test_score,std_test_score,rank_test_score
24.463994312286378,1.149866801405643,5.691723394393921,0.5441614580547892,1,{'C': 1},0.7715959004392386,0.7657393850658858,0.7741935483870968,0.7727272727272727,0.7668621700879765,0.770223655341494,0.0033262432391664167,9
28.35942211151123,0.651922370858368,6.03302755355835,0.07996072416480277,5,{'C': 5},0.7906295754026355,0.7847730600292826,0.7873900293255132,0.781524926686217,0.7932551319648093,0.7875145446816914,0.004148843806473049,1
23.620486068725587,3.585161003414877,4.868454790115356,0.75459747985961,10,{'C': 10},0.7847730600292826,0.780380673499268,0.7888563049853372,0.7844574780058651,0.782991202346041,0.7842917437731588,0.00275979096762727,2
26.69154109954834,2.849665513758093,5.9610413074493405,0.05449003941617795,20,{'C': 20},0.787701317715959,0.780380673499268,0.7873900293255132,0.7785923753665689,0.782991202346041,0.7834111196506701,0.0036556190319780592,3
26.24269280433655,2.7328524526979505,5.577540731430053,0.7793180239950117,50,{'C': 50},0.7774524158125915,0.7701317715959004,0.7771260997067448,0.7653958944281525,0.7800586510263929,0.7740329665139566,0.0054293151741582005,5
25.35278649330139,3.733462718682739,5.381747674942017,0.7000846686415274,100,{'C': 100},0.7833089311859444,0.7686676427525623,0.7800586510263929,0.7668621700879765,0.7800586510263929,0.7757912092158538,0.00668447756726511,4
25.33519277572632,4.919359901672947,5.14546422958374,0.9289192906828175,200,{'C': 200},0.7759882869692533,0.7628111273792094,0.7756598240469208,0.7741935483870968,0.7800586510263929,0.7737422875617748,0.005801927372809755,6
27.76337695121765,4.0473232538929516,5.656230831146241,0.41529950858744236,500,{'C': 500},0.7759882869692533,0.7628111273792094,0.7756598240469208,0.7741935483870968,0.7800586510263929,0.7737422875617748,0.005801927372809755,6
28.719288063049316,2.45323866116678,5.502821969985962,0.7467367691849265,1000,{'C': 1000},0.7759882869692533,0.7628111273792094,0.7756598240469208,0.7741935483870968,0.7800586510263929,0.7737422875617748,0.005801927372809755,6
