mean_fit_time,std_fit_time,mean_score_time,std_score_time,param_C,params,split0_test_score,split1_test_score,split2_test_score,split3_test_score,split4_test_score,mean_test_score,std_test_score,rank_test_score
3.171876001358032,0.2095793535015924,0.7443708896636962,0.02246871842967132,1,{'C': 1},0.7613469985358712,0.7540263543191801,0.7756598240469208,0.7595307917888563,0.7697947214076246,0.7640717380196905,0.007694028960818274,1
3.5470468044281005,0.05480505815754395,0.6742297649383545,0.02080371059048946,5,{'C': 5},0.7613469985358712,0.7554904831625183,0.7419354838709677,0.7419354838709677,0.750733137829912,0.7502883174540476,0.007603873726304359,2
3.6116113662719727,0.09708415170262781,0.602018165588379,0.10368580578713753,10,{'C': 10},0.7569546120058566,0.7554904831625183,0.7258064516129032,0.7375366568914956,0.749266862170088,0.7450110131685722,0.011792050555911406,3
3.562989091873169,0.12130818898172875,0.6011030673980713,0.04500359077655607,20,{'C': 20},0.746705710102489,0.746705710102489,0.7140762463343109,0.7346041055718475,0.7228739002932552,0.7329931344808782,0.012953086473164808,4
2.6424945831298827,0.33778303716457075,0.3916069984436035,0.028300601363486416,50,{'C': 50},0.726207906295754,0.7437774524158126,0.7023460410557185,0.7390029325513197,0.7302052785923754,0.7283079221821961,0.014392490487336417,5
2.274572229385376,0.03369511469913649,0.3712737560272217,0.007827644765301801,100,{'C': 100},0.7218155197657394,0.739385065885798,0.7052785923753666,0.7331378299120235,0.7243401759530792,0.7247914367784014,0.011596957393739055,6
2.368821620941162,0.2233734387510715,0.36469368934631347,0.00818997368480761,200,{'C': 200},0.7203513909224012,0.7364568081991215,0.7082111436950147,0.7331378299120235,0.7243401759530792,0.7244994697363281,0.010001406973250294,7
3.068298578262329,1.0238364850121255,0.4247400760650635,0.12478552653405209,500,{'C': 500},0.718887262079063,0.7291361639824304,0.7082111436950147,0.7258064516129032,0.7243401759530792,0.7212762394644981,0.0073224706589661865,8
2.3816340446472166,0.19782956398156346,0.3661695957183838,0.009105839930207221,1000,{'C': 1000},0.718887262079063,0.7291361639824304,0.7082111436950147,0.7258064516129032,0.7243401759530792,0.7212762394644981,0.0073224706589661865,8
