mean_fit_time,std_fit_time,mean_score_time,std_score_time,param_C,params,split0_test_score,split1_test_score,split2_test_score,split3_test_score,split4_test_score,mean_test_score,std_test_score,rank_test_score
16.168778562545775,2.3920589863230246,4.219734954833984,0.46217885640336137,1,{'C': 1},0.7730600292825769,0.7701317715959004,0.7741935483870968,0.7580645161290323,0.7551319648093842,0.7661163660407981,0.007938112786510743,4
19.77168917655945,2.692500539645165,4.01533350944519,0.5978335284141872,5,{'C': 5},0.8038067349926794,0.7935578330893118,0.781524926686217,0.7595307917888563,0.7683284457478006,0.781349746460973,0.016118346418887285,1
14.593110132217408,1.1892336593624102,2.9752896785736085,0.14794442630791566,10,{'C': 10},0.7920937042459737,0.7847730600292826,0.782991202346041,0.7565982404692082,0.7639296187683284,0.7760771651717668,0.013468061571937128,2
20.22497978210449,2.3883434076223895,4.167895030975342,0.6103836495213049,20,{'C': 20},0.7833089311859444,0.7789165446559297,0.782991202346041,0.749266862170088,0.7595307917888563,0.7708028664293719,0.0138682955595453,3
18.313742446899415,4.037697252957561,3.8919206619262696,0.7952010888866484,50,{'C': 50},0.7745241581259151,0.7818448023426061,0.7771260997067448,0.7375366568914956,0.7551319648093842,0.765232736375229,0.016570104104583743,5
18.350748157501222,3.0151616876802976,3.6418075561523438,0.7156223504459063,100,{'C': 100},0.7730600292825769,0.7774524158125915,0.7756598240469208,0.7331378299120235,0.7551319648093842,0.7628884127726993,0.016875666377733765,6
19.38323554992676,1.566797463860994,3.988388681411743,0.559209480746638,200,{'C': 200},0.7628111273792094,0.7657393850658858,0.7609970674486803,0.7316715542521994,0.7551319648093842,0.7552702197910717,0.012297817875974443,7
18.199821043014527,3.430126188854636,3.8644888401031494,0.5653102886477155,500,{'C': 500},0.7628111273792094,0.7657393850658858,0.7580645161290323,0.7302052785923754,0.7551319648093842,0.7543904543951774,0.012638649111384856,8
19.629076337814332,1.0813172480375153,3.8129537105560303,0.569679750793799,1000,{'C': 1000},0.7628111273792094,0.7657393850658858,0.7580645161290323,0.7302052785923754,0.7551319648093842,0.7543904543951774,0.012638649111384856,8
