mean_fit_time,std_fit_time,mean_score_time,std_score_time,param_C,params,split0_test_score,split1_test_score,split2_test_score,split3_test_score,split4_test_score,mean_test_score,std_test_score,rank_test_score
0.40878729820251464,0.004753926208133537,0.06802878379821778,0.00031161396213281946,1,{'C': 1},0.7364568081991215,0.7364568081991215,0.7331378299120235,0.7346041055718475,0.7346041055718475,0.7350519314907922,0.0012658782004928153,1
0.4300389766693115,0.004894364149356777,0.06817083358764649,0.0004329181791460588,5,{'C': 5},0.7247437774524158,0.718887262079063,0.7140762463343109,0.7214076246334311,0.717008797653959,0.719224741630636,0.003653930447552703,2
0.43637380599975584,0.006198963085171487,0.06716752052307129,0.0006762913013885078,10,{'C': 10},0.7218155197657394,0.7115666178623719,0.7140762463343109,0.7155425219941349,0.7126099706744868,0.7151221753262089,0.003606235700957577,3
0.4363318920135498,0.005917856421319069,0.06726660728454589,0.000897933476969422,20,{'C': 20},0.7218155197657394,0.7130307467057101,0.7140762463343109,0.7155425219941349,0.7096774193548387,0.7148284908309469,0.0039914836066843465,4
0.43805131912231443,0.006331396919007498,0.06693511009216309,0.000902803781691947,50,{'C': 50},0.7218155197657394,0.7130307467057101,0.7140762463343109,0.7155425219941349,0.7096774193548387,0.7148284908309469,0.0039914836066843465,4
0.43650074005126954,0.008090899691729384,0.06670331954956055,0.000824186468372335,100,{'C': 100},0.7218155197657394,0.7130307467057101,0.7140762463343109,0.7155425219941349,0.7096774193548387,0.7148284908309469,0.0039914836066843465,4
0.43759679794311523,0.007037816004103517,0.06674757003784179,0.0007383354872391161,200,{'C': 200},0.7218155197657394,0.7130307467057101,0.7140762463343109,0.7155425219941349,0.7096774193548387,0.7148284908309469,0.0039914836066843465,4
0.43920221328735354,0.011035700500873317,0.06933016777038574,0.004984830077554371,500,{'C': 500},0.7218155197657394,0.7130307467057101,0.7140762463343109,0.7155425219941349,0.7096774193548387,0.7148284908309469,0.0039914836066843465,4
0.4362019062042236,0.007299558406459613,0.06719574928283692,0.0008493905077347054,1000,{'C': 1000},0.7218155197657394,0.7130307467057101,0.7140762463343109,0.7155425219941349,0.7096774193548387,0.7148284908309469,0.0039914836066843465,4
