mean_fit_time,std_fit_time,mean_score_time,std_score_time,param_C,params,split0_test_score,split1_test_score,split2_test_score,split3_test_score,split4_test_score,mean_test_score,std_test_score,rank_test_score
4.387604904174805,1.1753337239406219,1.0064268112182617,0.27670796759512095,1,{'C': 1},0.7584187408491947,0.7745241581259151,0.7844574780058651,0.7580645161290323,0.7712609970674487,0.7693451780354911,0.010054990505900014,1
6.91887731552124,0.1437120046010724,1.2931082725524903,0.0760658937655398,5,{'C': 5},0.7715959004392386,0.7540263543191801,0.7727272727272727,0.750733137829912,0.7463343108504399,0.7590833952332087,0.010959541903842357,2
6.20429573059082,0.8342816675372156,1.1802394390106201,0.19167297265891237,10,{'C': 10},0.7628111273792094,0.726207906295754,0.7639296187683284,0.7434017595307918,0.7375366568914956,0.7467774137731158,0.014636730340962089,3
6.827580118179322,0.14327498628095064,1.2231454372406005,0.0459236397502214,20,{'C': 20},0.7496339677891655,0.7232796486090776,0.7536656891495601,0.7463343108504399,0.7272727272727273,0.7400372687341941,0.01233883759648892,4
6.776998567581177,0.24379736446310396,1.2191853046417236,0.026940438273431497,50,{'C': 50},0.7306002928257687,0.7071742313323572,0.7565982404692082,0.7316715542521994,0.717008797653959,0.7286106233066985,0.01667786591166638,5
6.518194484710693,0.335844828306164,1.1112672805786132,0.1682517042066637,100,{'C': 100},0.726207906295754,0.6998535871156661,0.7463343108504399,0.7331378299120235,0.717008797653959,0.7245084863655684,0.01560659860687233,9
6.467895078659057,0.38474832804129927,1.0487992763519287,0.19451855665101428,200,{'C': 200},0.7218155197657394,0.705710102489019,0.7448680351906158,0.7404692082111437,0.7272727272727273,0.728027118585849,0.013968710319525186,6
4.537508630752564,0.23900752047885393,0.8023645401000976,0.18093495900532758,500,{'C': 500},0.7218155197657394,0.705710102489019,0.7448680351906158,0.7272727272727273,0.7287390029325513,0.7256810775301306,0.012600047474971503,7
6.748491430282593,1.1408538870073044,1.0555969715118407,0.13257654158976237,1000,{'C': 1000},0.7218155197657394,0.705710102489019,0.7448680351906158,0.7228739002932552,0.7287390029325513,0.724801312134236,0.012611763883253886,8
