mean_fit_time,std_fit_time,mean_score_time,std_score_time,param_C,params,split0_test_score,split1_test_score,split2_test_score,split3_test_score,split4_test_score,mean_test_score,std_test_score,rank_test_score
22.710441732406615,0.7350773022412194,4.066417789459228,0.20978051574625106,1,{'C': 1},0.9326381647549531,0.9313725490196079,0.9338756779307468,0.9338756779307468,0.934084272006675,0.9331692683285459,0.0010339760213996037,1
28.025449657440184,2.2536873312698122,3.701126766204834,0.07673095758515654,10,{'C': 10},0.9307612095933264,0.9253233208176888,0.9313725490196079,0.9290780141843972,0.9328327075511056,0.9298735602332251,0.00257406347519307,2
29.04612092971802,2.3767474044498207,4.002209806442261,0.2068623283040705,50,{'C': 50},0.9307612095933264,0.9253233208176888,0.9313725490196079,0.9290780141843972,0.9328327075511056,0.9298735602332251,0.00257406347519307,2
29.22701449394226,2.906462578652297,3.846900701522827,0.6599984252840256,100,{'C': 100},0.9307612095933264,0.9253233208176888,0.9313725490196079,0.9290780141843972,0.9328327075511056,0.9298735602332251,0.00257406347519307,2
28.68827681541443,2.5032873174000723,3.7045780181884767,0.22739038406332715,200,{'C': 200},0.9307612095933264,0.9253233208176888,0.9313725490196079,0.9290780141843972,0.9328327075511056,0.9298735602332251,0.00257406347519307,2
29.313647747039795,1.9294594090793589,3.728948736190796,0.2786931790080395,500,{'C': 500},0.9307612095933264,0.9253233208176888,0.9313725490196079,0.9290780141843972,0.9328327075511056,0.9298735602332251,0.00257406347519307,2
29.423880100250244,2.156606979832788,3.841038942337036,0.33290684979378027,1000,{'C': 1000},0.9307612095933264,0.9253233208176888,0.9313725490196079,0.9290780141843972,0.9328327075511056,0.9298735602332251,0.00257406347519307,2
