mean_fit_time,std_fit_time,mean_score_time,std_score_time,param_C,params,split0_test_score,split1_test_score,split2_test_score,split3_test_score,split4_test_score,mean_test_score,std_test_score,rank_test_score
595.6545658588409,29.032075373201202,57.45442113876343,2.3255779096773583,1,{'C': 1},0.9434827945776851,0.9436795994993742,0.9457655402586567,0.942636629119733,0.9422194409678765,0.9435568008846651,0.0012275450036132358,2
770.9840314865112,63.41303656500203,50.876435613632204,2.2048043952791376,10,{'C': 10},0.9407716371220021,0.9465999165623696,0.9484772632457238,0.9438881935753025,0.9480600750938674,0.945559417119853,0.002883247504145961,1
664.8138006687165,75.04777193084873,46.034397792816165,1.5922685346461012,50,{'C': 50},0.9361835245046923,0.943471005423446,0.9430538172715894,0.9380475594493116,0.9415936587400918,0.9404699130778262,0.0028700816909773136,3
701.2800252437592,64.06424611236125,46.406565284729005,1.0727794208904098,100,{'C': 100},0.9366006256517205,0.9432624113475178,0.942636629119733,0.9380475594493116,0.9413850646641635,0.9403864580464892,0.0026128362365285076,4
684.5269762039185,36.656355065852566,46.06686372756958,1.4930971206563268,200,{'C': 200},0.9366006256517205,0.9432624113475178,0.942636629119733,0.9380475594493116,0.9413850646641635,0.9403864580464892,0.0026128362365285076,4
629.3423913955688,51.96940998524133,47.40548486709595,3.5111606642680684,500,{'C': 500},0.9366006256517205,0.9432624113475178,0.942636629119733,0.9380475594493116,0.9413850646641635,0.9403864580464892,0.0026128362365285076,4
653.7839105129242,73.91437956804367,45.72279353141785,2.497659065607752,1000,{'C': 1000},0.9366006256517205,0.9432624113475178,0.942636629119733,0.9380475594493116,0.9413850646641635,0.9403864580464892,0.0026128362365285076,4
