mean_fit_time,std_fit_time,mean_score_time,std_score_time,param_C,params,split0_test_score,split1_test_score,split2_test_score,split3_test_score,split4_test_score,mean_test_score,std_test_score,rank_test_score
0.6597826480865479,0.007813022327901806,0.11742935180664063,0.001625824568977498,1,{'C': 1},0.73992673992674,0.7380952380952381,0.7380952380952381,0.7380952380952381,0.7431192660550459,0.7394663440535,0.0019593671506799187,1
0.6966616630554199,0.011341115017734315,0.11565532684326171,0.0009922647126862933,5,{'C': 5},0.6996336996336996,0.7051282051282052,0.7307692307692307,0.7216117216117216,0.7064220183486238,0.7127129750982962,0.011605071110239675,2
0.7113489627838134,0.012451525505394809,0.11108860969543458,0.002214478981802626,10,{'C': 10},0.7051282051282052,0.6996336996336996,0.7051282051282052,0.7106227106227107,0.689908256880734,0.7020842154787109,0.007009944949610708,8
0.7156987190246582,0.015095183656976782,0.10782980918884277,0.0020018785519310654,20,{'C': 20},0.706959706959707,0.7014652014652014,0.6959706959706959,0.7051282051282052,0.6972477064220184,0.7013543031891656,0.0042783770145843085,9
0.72149658203125,0.017613149330201337,0.10625457763671875,0.0019178290262534142,50,{'C': 50},0.7106227106227107,0.7014652014652014,0.6978021978021978,0.7051282051282052,0.7009174311926606,0.703187149242195,0.004385651540609088,3
0.7157501220703125,0.026921618704496112,0.09943161010742188,0.011304429592952518,100,{'C': 100},0.7106227106227107,0.7014652014652014,0.6978021978021978,0.7051282051282052,0.7009174311926606,0.703187149242195,0.004385651540609088,3
0.6844563007354736,0.061182947089943894,0.10494961738586425,0.0020986157338258662,200,{'C': 200},0.7106227106227107,0.7014652014652014,0.6978021978021978,0.7051282051282052,0.7009174311926606,0.703187149242195,0.004385651540609088,3
0.7253496170043945,0.01874903511637614,0.10503864288330078,0.0030487607790464443,500,{'C': 500},0.7106227106227107,0.7014652014652014,0.6978021978021978,0.7051282051282052,0.7009174311926606,0.703187149242195,0.004385651540609088,3
0.6884441375732422,0.06437421443707336,0.10505366325378418,0.002123278732749229,1000,{'C': 1000},0.7106227106227107,0.7014652014652014,0.6978021978021978,0.7051282051282052,0.7009174311926606,0.703187149242195,0.004385651540609088,3
