mean_fit_time,std_fit_time,mean_score_time,std_score_time,param_C,params,split0_test_score,split1_test_score,split2_test_score,split3_test_score,split4_test_score,mean_test_score,std_test_score,rank_test_score
1.1181785583496093,0.0068883240515237205,0.2500117301940918,0.0028047563526266348,1,{'C': 1},0.7637362637362637,0.7454212454212454,0.7619047619047619,0.7527472527472527,0.7651376146788991,0.7577894276976845,0.0075457557271695385,1
1.3232324600219727,0.00981690263416533,0.2496189594268799,0.002168875315535838,5,{'C': 5},0.7490842490842491,0.7307692307692307,0.7454212454212454,0.7545787545787546,0.7394495412844037,0.7438606042275767,0.008190755139655802,2
1.3402934551239014,0.005995661051657281,0.24544706344604492,0.0020496551281492855,10,{'C': 10},0.7344322344322345,0.7234432234432234,0.7289377289377289,0.73992673992674,0.728440366972477,0.7310360587424809,0.0056457058522710515,3
1.337155532836914,0.015119925181784155,0.23385496139526368,0.001651963293220104,20,{'C': 20},0.7307692307692307,0.7014652014652014,0.7197802197802198,0.7435897435897436,0.726605504587156,0.7244419800383103,0.013863737963540547,4
2.2833445072174072,0.015010835808598716,0.38808646202087405,0.0032395753625376338,50,{'C': 50},0.7216117216117216,0.6996336996336996,0.6996336996336996,0.7087912087912088,0.7247706422018348,0.7108881943744328,0.010634294018542526,5
2.277874565124512,0.027216364100805832,0.377379035949707,0.01501723523691126,100,{'C': 100},0.7161172161172161,0.7087912087912088,0.6959706959706959,0.6978021978021978,0.7192660550458716,0.707589474745438,0.00939463544064647,9
2.392823028564453,0.20232526331426778,0.3842785835266113,0.004800738285330746,200,{'C': 200},0.7161172161172161,0.7106227106227107,0.6978021978021978,0.6978021978021978,0.7211009174311926,0.7086890479551029,0.009487025349938113,6
2.3976820945739745,0.20845362417363775,0.3857550621032715,0.008876143218517945,500,{'C': 500},0.7161172161172161,0.7106227106227107,0.6978021978021978,0.6978021978021978,0.7211009174311926,0.7086890479551029,0.009487025349938113,6
2.001043462753296,0.34748868264321603,0.28459954261779785,0.07667955846957643,1000,{'C': 1000},0.7161172161172161,0.7106227106227107,0.6978021978021978,0.6978021978021978,0.7211009174311926,0.7086890479551029,0.009487025349938113,6
