mean_fit_time,std_fit_time,mean_score_time,std_score_time,param_C,params,split0_test_score,split1_test_score,split2_test_score,split3_test_score,split4_test_score,mean_test_score,std_test_score,rank_test_score
5.5022499561309814,0.0644828431531986,1.3007018089294433,0.09538470435881248,1,{'C': 1},0.7564102564102564,0.7673992673992674,0.7692307692307693,0.7509157509157509,0.7651376146788991,0.7618187317269886,0.007003174397620393,1
4.026426839828491,0.023066269503989954,0.8646763801574707,0.008632527468677183,5,{'C': 5},0.7490842490842491,0.7435897435897436,0.7655677655677655,0.7692307692307693,0.763302752293578,0.7581550559532211,0.009985452694278816,2
4.018921852111816,0.01664336557750457,0.8553671836853027,0.010208537187570687,10,{'C': 10},0.7454212454212454,0.7435897435897436,0.7655677655677655,0.7710622710622711,0.763302752293578,0.7577887555869207,0.011150521229355491,3
4.575840139389038,0.8703080870562633,0.9698899269104004,0.16652716050075497,20,{'C': 20},0.7216117216117216,0.7271062271062271,0.7564102564102564,0.7655677655677655,0.7651376146788991,0.747166717074974,0.018986710176756707,4
4.001754379272461,0.014847571147466264,0.8160725593566894,0.01000865369424473,50,{'C': 50},0.7106227106227107,0.7216117216117216,0.73992673992674,0.7619047619047619,0.7577981651376147,0.7383728198407098,0.019922419432871735,6
5.595738077163697,1.3096251064432343,1.18373441696167,0.2032037927710382,100,{'C': 100},0.7051282051282052,0.7271062271062271,0.7472527472527473,0.7435897435897436,0.7541284403669725,0.7354410726887791,0.017569711408143198,9
6.496458673477173,0.03430308060496643,1.2663788318634033,0.008595894329973722,200,{'C': 200},0.7142857142857143,0.7326007326007326,0.7490842490842491,0.7472527472527473,0.7541284403669725,0.7394703767180831,0.014486613787065962,5
6.5539319038391115,0.4145705175725091,1.1899202823638917,0.10057691086866555,500,{'C': 500},0.7142857142857143,0.7326007326007326,0.7490842490842491,0.7362637362637363,0.7541284403669725,0.7372725745202809,0.013963348269232364,8
6.493425893783569,0.05636111790059987,1.2036735534667968,0.09526846942995466,1000,{'C': 1000},0.7161172161172161,0.7326007326007326,0.7490842490842491,0.7362637362637363,0.7541284403669725,0.7376388748865813,0.013366809943784174,7
