mean_fit_time,std_fit_time,mean_score_time,std_score_time,param_C,params,split0_test_score,split1_test_score,split2_test_score,split3_test_score,split4_test_score,mean_test_score,std_test_score,rank_test_score
0.3853620052337646,0.0036725872976169304,0.07036924362182617,0.0008088534615903636,1,{'C': 1},0.7292682926829268,0.7195121951219512,0.7237163814180929,0.7334963325183375,0.726161369193154,0.7264309141868924,0.004759850188486922,1
0.41641802787780763,0.003100547158305471,0.06816740036010742,0.001363636812073401,5,{'C': 5},0.7048780487804878,0.6707317073170732,0.7090464547677262,0.706601466992665,0.6943765281173594,0.6971268411950622,0.014115199291692205,2
0.4255467414855957,0.005324799193417006,0.0665616512298584,0.0006720766842195302,10,{'C': 10},0.6951219512195121,0.675609756097561,0.6968215158924206,0.7017114914425427,0.6723716381418093,0.6883272705587691,0.011948009354127173,3
0.4333981513977051,0.0072147447353258995,0.06342988014221192,0.0014619878702266079,20,{'C': 20},0.697560975609756,0.6658536585365854,0.684596577017115,0.6919315403422983,0.6748166259168704,0.682951875484525,0.011448113721352455,9
0.43811883926391604,0.005830230161552705,0.06292490959167481,0.0011201767078307678,50,{'C': 50},0.697560975609756,0.6707317073170732,0.687041564792176,0.6919315403422983,0.6772616136919315,0.684905480350647,0.009730513609305968,4
0.43276753425598147,0.008177276025241827,0.06274828910827637,0.0008134563190832487,100,{'C': 100},0.697560975609756,0.6707317073170732,0.687041564792176,0.6919315403422983,0.6772616136919315,0.684905480350647,0.009730513609305968,4
0.4238283634185791,0.015195032485394125,0.05892391204833984,0.00807700846084534,200,{'C': 200},0.697560975609756,0.6707317073170732,0.687041564792176,0.6919315403422983,0.6772616136919315,0.684905480350647,0.009730513609305968,4
0.4319448947906494,0.006303006390011299,0.06266794204711915,0.0006402187936080289,500,{'C': 500},0.697560975609756,0.6707317073170732,0.687041564792176,0.6919315403422983,0.6772616136919315,0.684905480350647,0.009730513609305968,4
0.42705187797546384,0.011686626453281808,0.06130127906799317,0.003430042807683411,1000,{'C': 1000},0.697560975609756,0.6707317073170732,0.687041564792176,0.6919315403422983,0.6772616136919315,0.684905480350647,0.009730513609305968,4
