mean_fit_time,std_fit_time,mean_score_time,std_score_time,param_C,params,split0_test_score,split1_test_score,split2_test_score,split3_test_score,split4_test_score,mean_test_score,std_test_score,rank_test_score
11.834443807601929,0.21046460625818772,2.716135025024414,0.0685791564927057,1,{'C': 1},0.7490842490842491,0.7582417582417582,0.7655677655677655,0.7582417582417582,0.7669724770642202,0.7596216016399502,0.006391180946426065,5
12.735681819915772,1.0375860516948705,2.5975991249084474,0.43061122206043456,5,{'C': 5},0.7582417582417582,0.793040293040293,0.7692307692307693,0.7582417582417582,0.7706422018348624,0.7698793561178882,0.012714550454614374,1
11.978556919097901,1.77261998929055,2.477014398574829,0.4640987905533636,10,{'C': 10},0.7655677655677655,0.7802197802197802,0.7655677655677655,0.7619047619047619,0.7669724770642202,0.7680465100648586,0.0063142928689910475,2
13.092244625091553,0.8162237864677401,2.7466015338897707,0.13505892325157545,20,{'C': 20},0.7655677655677655,0.782051282051282,0.7582417582417582,0.7527472527472527,0.7651376146788991,0.7647491346573915,0.009864851696139178,3
12.472833824157714,1.0914072440983134,2.4339916706085205,0.383642114332022,50,{'C': 50},0.7692307692307693,0.7765567765567766,0.7527472527472527,0.7417582417582418,0.7651376146788991,0.7610861309943878,0.01237089098577559,4
12.636403894424438,0.510778002198242,2.64040322303772,0.04685455844467086,100,{'C': 100},0.7564102564102564,0.7765567765567766,0.7509157509157509,0.7435897435897436,0.7596330275229358,0.7574211109990927,0.011006493831098906,6
12.611563014984132,0.33135612267588516,2.6037750244140625,0.08155049447119421,200,{'C': 200},0.7509157509157509,0.7728937728937729,0.7509157509157509,0.7435897435897436,0.7467889908256881,0.7530208018281412,0.010310943560405022,9
12.744858074188233,0.14865144661260385,2.622275161743164,0.05283229723854374,500,{'C': 500},0.7490842490842491,0.7728937728937729,0.7509157509157509,0.7435897435897436,0.7486238532110092,0.7530214739389052,0.010228789568699874,7
9.89630913734436,1.8815097249902155,1.9836729049682618,0.3190717373390789,1000,{'C': 1000},0.7490842490842491,0.7728937728937729,0.7509157509157509,0.7435897435897436,0.7486238532110092,0.7530214739389052,0.010228789568699874,7
