mean_fit_time,std_fit_time,mean_score_time,std_score_time,param_C,params,split0_test_score,split1_test_score,split2_test_score,split3_test_score,split4_test_score,mean_test_score,std_test_score,rank_test_score
5.045308542251587,0.07745237038429843,1.1359777927398682,0.021768309098234843,1,{'C': 1},0.7543859649122807,0.7653958944281525,0.7595307917888563,0.7741935483870968,0.7624633431085044,0.7631939085249781,0.006593524698501523,4
5.288112926483154,0.09115775477190743,1.1378623962402343,0.03436985214069455,5,{'C': 5},0.7719298245614035,0.7683284457478006,0.7653958944281525,0.7565982404692082,0.7712609970674487,0.7667026804548028,0.005559708549593961,2
5.322912120819092,0.09020866414235139,1.1145288467407226,0.022539650723987,10,{'C': 10},0.7690058479532164,0.7800586510263929,0.7741935483870968,0.7536656891495601,0.7712609970674487,0.7696369467167431,0.008803311115350806,1
5.30593433380127,0.10514387312763361,1.111121940612793,0.03562569058047897,20,{'C': 20},0.7602339181286549,0.7800586510263929,0.7683284457478006,0.7565982404692082,0.7624633431085044,0.7655365196961122,0.00819929244157009,3
5.21873779296875,0.07868088655695442,1.0774360179901123,0.07486994070692364,50,{'C': 50},0.7660818713450293,0.7800586510263929,0.7624633431085044,0.7419354838709677,0.7653958944281525,0.7631870487558094,0.012247960810866612,5
5.1672444343566895,0.19519246272968835,1.0733367919921875,0.048556328605437196,100,{'C': 100},0.7426900584795322,0.7741935483870968,0.7595307917888563,0.7419354838709677,0.7653958944281525,0.7567491553909212,0.012680011939254818,6
4.968493556976318,0.36859376189184645,1.0384294509887695,0.06472751216079807,200,{'C': 200},0.7456140350877193,0.7712609970674487,0.7565982404692082,0.7419354838709677,0.7536656891495601,0.753814889128981,0.010203041348616201,7
5.1498942375183105,0.1664783719616228,1.0981248378753663,0.01410717518641933,500,{'C': 500},0.7456140350877193,0.7712609970674487,0.7565982404692082,0.7419354838709677,0.7536656891495601,0.753814889128981,0.010203041348616201,7
5.18961091041565,0.07265377902368672,1.093545389175415,0.019459296018478553,1000,{'C': 1000},0.7456140350877193,0.7712609970674487,0.7565982404692082,0.7419354838709677,0.7536656891495601,0.753814889128981,0.010203041348616201,7
