mean_fit_time,std_fit_time,mean_score_time,std_score_time,param_C,params,split0_test_score,split1_test_score,split2_test_score,split3_test_score,split4_test_score,mean_test_score,std_test_score,rank_test_score
8.94057126045227,0.744257840246177,2.178491163253784,0.09597672119900093,1,{'C': 1},0.748780487804878,0.7731707317073171,0.7481662591687042,0.7555012224938875,0.7726161369193154,0.7596469676188204,0.011119044924547315,6
10.075352430343628,0.3777469659993864,2.2008675575256347,0.13956319753698346,5,{'C': 5},0.7878048780487805,0.7878048780487805,0.7701711491442543,0.7652811735941321,0.784841075794621,0.7791806309261136,0.009541085777586313,1
9.98510184288025,0.35629302126618245,2.2265738964080812,0.08296656425772063,10,{'C': 10},0.7878048780487805,0.7853658536585366,0.7701711491442543,0.7677261613691931,0.7775061124694377,0.7777148309380404,0.007963308577810545,2
9.950788879394532,0.13322975341310747,2.206895446777344,0.04555326303681428,20,{'C': 20},0.7731707317073171,0.7780487804878049,0.7652811735941321,0.7603911980440098,0.7750611246943765,0.7703906017055282,0.006546524868799219,3
9.796319198608398,0.37533741570310486,2.1414064884185793,0.11585796389254185,50,{'C': 50},0.7634146341463415,0.7658536585365854,0.7603911980440098,0.7652811735941321,0.7579462102689487,0.7625773749180034,0.002999087193694087,4
10.061627864837646,0.14918572595137605,2.1516191482543947,0.059845979813905124,100,{'C': 100},0.751219512195122,0.7658536585365854,0.7701711491442543,0.7603911980440098,0.7579462102689487,0.761116345637784,0.00652617053904092,5
9.94978642463684,0.19898164312904437,2.2050599098205566,0.020015171422722584,200,{'C': 200},0.748780487804878,0.7609756097560976,0.7701711491442543,0.7555012224938875,0.7579462102689487,0.7586749358936131,0.007013695460825928,7
9.970712471008301,0.12386160878933906,2.189054012298584,0.03309108539072226,500,{'C': 500},0.748780487804878,0.7609756097560976,0.7701711491442543,0.7555012224938875,0.7579462102689487,0.7586749358936131,0.007013695460825928,7
10.013395500183105,0.07541053729424503,2.146035146713257,0.07137976495774502,1000,{'C': 1000},0.748780487804878,0.7609756097560976,0.7701711491442543,0.7555012224938875,0.7579462102689487,0.7586749358936131,0.007013695460825928,7
