mean_fit_time,std_fit_time,mean_score_time,std_score_time,param_C,params,split0_test_score,split1_test_score,split2_test_score,split3_test_score,split4_test_score,mean_test_score,std_test_score,rank_test_score
7.644758558273315,1.2582856125012374,1.7031434535980225,0.23845324014334704,1,{'C': 1},0.7489539748953975,0.7656903765690377,0.7698744769874477,0.7651991614255765,0.7631027253668763,0.7625641430488671,0.007151005359259472,6
9.998086309432983,0.11889641371452173,2.1088287830352783,0.03333815567780623,5,{'C': 5},0.7594142259414226,0.7698744769874477,0.7656903765690377,0.7840670859538784,0.7714884696016772,0.7701069270106928,0.008132508894842619,3
9.697184848785401,0.527912256539866,2.108894968032837,0.06121808772100106,10,{'C': 10},0.7719665271966527,0.7698744769874477,0.7656903765690377,0.7777777777777778,0.7714884696016772,0.7713595256265187,0.0038967591310821595,2
10.118151473999024,0.12109603488744494,2.1010157108306884,0.02853305107139737,20,{'C': 20},0.7761506276150628,0.7740585774058577,0.7698744769874477,0.7735849056603774,0.7714884696016772,0.7730314114540846,0.00216507921214628,1
9.873894023895264,0.22062393680330253,2.0466895580291746,0.06310521854527407,50,{'C': 50},0.7635983263598326,0.7740585774058577,0.7656903765690377,0.7651991614255765,0.779874213836478,0.7696841311193566,0.006262197924508993,4
9.90982756614685,0.11420439832504294,2.0813406467437745,0.03504011835075747,100,{'C': 100},0.7594142259414226,0.7698744769874477,0.7635983263598326,0.7631027253668763,0.7631027253668763,0.7638184960044911,0.0033806990501417168,5
9.721508598327636,0.18334999255360693,1.8425567150115967,0.2467638327132787,200,{'C': 200},0.7510460251046025,0.7677824267782427,0.7573221757322176,0.7631027253668763,0.7379454926624738,0.7554397691288826,0.010391922309265365,7
9.845569849014282,0.11899672998510195,2.0617892265319826,0.024174004154630363,500,{'C': 500},0.7510460251046025,0.7677824267782427,0.7573221757322176,0.7631027253668763,0.7379454926624738,0.7554397691288826,0.010391922309265365,7
9.747747945785523,0.06941638127228275,2.0758383750915526,0.04620713690080348,1000,{'C': 1000},0.7510460251046025,0.7677824267782427,0.7573221757322176,0.7631027253668763,0.7379454926624738,0.7554397691288826,0.010391922309265365,7
