mean_fit_time,std_fit_time,mean_score_time,std_score_time,param_C,params,split0_test_score,split1_test_score,split2_test_score,split3_test_score,split4_test_score,mean_test_score,std_test_score,rank_test_score
0.19339933395385742,0.003169467430140694,0.0319425106048584,0.00037640721873332517,1,{'C': 1},0.7364016736401674,0.7343096234309623,0.7343096234309623,0.7316561844863732,0.7316561844863732,0.7336666578949675,0.0018105870396518055,1
0.20156335830688477,0.005181820032487824,0.03132181167602539,0.00027188715365761756,5,{'C': 5},0.7217573221757322,0.6861924686192469,0.7112970711297071,0.710691823899371,0.7044025157232704,0.7068682403094655,0.011742967473724185,2
0.2054624080657959,0.002377719695852988,0.031010150909423828,0.00027814565824504505,10,{'C': 10},0.7259414225941423,0.6841004184100419,0.7071129707112971,0.710691823899371,0.70020964360587,0.7056112558441445,0.013662185339672409,3
0.20478215217590331,0.0031699461569746367,0.030945205688476564,0.000363431806171865,20,{'C': 20},0.7259414225941423,0.6841004184100419,0.7071129707112971,0.710691823899371,0.70020964360587,0.7056112558441445,0.013662185339672409,3
0.2056723117828369,0.002277638037301001,0.031436729431152347,0.00023609297439644163,50,{'C': 50},0.7259414225941423,0.6841004184100419,0.7071129707112971,0.710691823899371,0.70020964360587,0.7056112558441445,0.013662185339672409,3
0.20561761856079103,0.002855692660124399,0.031026601791381836,0.0002897286273741328,100,{'C': 100},0.7259414225941423,0.6841004184100419,0.7071129707112971,0.710691823899371,0.70020964360587,0.7056112558441445,0.013662185339672409,3
0.20477547645568847,0.002882581795020419,0.03096804618835449,0.0004957658666404716,200,{'C': 200},0.7259414225941423,0.6841004184100419,0.7071129707112971,0.710691823899371,0.70020964360587,0.7056112558441445,0.013662185339672409,3
0.20706777572631835,0.004402269587974434,0.035005807876586914,0.00730328300677098,500,{'C': 500},0.7259414225941423,0.6841004184100419,0.7071129707112971,0.710691823899371,0.70020964360587,0.7056112558441445,0.013662185339672409,3
0.2052849292755127,0.0024190031215423607,0.03100752830505371,0.0002737192322772461,1000,{'C': 1000},0.7259414225941423,0.6841004184100419,0.7071129707112971,0.710691823899371,0.70020964360587,0.7056112558441445,0.013662185339672409,3
