mean_fit_time,std_fit_time,mean_score_time,std_score_time,param_C,params,split0_test_score,split1_test_score,split2_test_score,split3_test_score,split4_test_score,mean_test_score,std_test_score,rank_test_score
3.566158485412598,0.14644817108918493,0.776922082901001,0.1349215294621292,1,{'C': 1},0.7634146341463415,0.7585365853658537,0.7481662591687042,0.7603911980440098,0.7652811735941321,0.7591579700638083,0.005972227209020975,3
3.371571969985962,0.5255853340279718,0.6075494289398193,0.14279911140587206,5,{'C': 5},0.7609756097560976,0.7658536585365854,0.7579462102689487,0.7750611246943765,0.7726161369193154,0.7664905480350648,0.006554441299875408,2
3.6953843593597413,0.6358615758514371,0.7133134365081787,0.137468893424066,10,{'C': 10},0.7609756097560976,0.7609756097560976,0.7677261613691931,0.784841075794621,0.7677261613691931,0.7684489236090405,0.008734394812179129,1
3.6145809650421143,0.2658683088824101,0.6704705238342286,0.17140030010094373,20,{'C': 20},0.7390243902439024,0.7439024390243902,0.7530562347188264,0.7726161369193154,0.7750611246943765,0.7567320651201623,0.014696468597699037,4
3.3159750938415526,0.47333534612405326,0.5760552406311035,0.06871746573438874,50,{'C': 50},0.7414634146341463,0.7317073170731707,0.7530562347188264,0.7726161369193154,0.7432762836185819,0.7484238773928082,0.013864438739401205,6
3.1179017543792726,0.2630907437962295,0.4771393299102783,0.015847511892886215,100,{'C': 100},0.7439024390243902,0.7365853658536585,0.7457212713936431,0.7750611246943765,0.7432762836185819,0.7489092969169301,0.013436966506366478,5
2.852148962020874,0.3032177781208091,0.5428813934326172,0.10116925372024808,200,{'C': 200},0.7317073170731707,0.7414634146341463,0.7432762836185819,0.7555012224938875,0.7432762836185819,0.7430449042876737,0.0075671517681974955,9
2.4781165599822996,0.09430276001407062,0.41261849403381345,0.012865012709587757,500,{'C': 500},0.7317073170731707,0.7414634146341463,0.7432762836185819,0.7579462102689487,0.7432762836185819,0.7435339018426859,0.008390499306522364,7
2.574615478515625,0.3113767018454149,0.47507400512695314,0.12954284335547664,1000,{'C': 1000},0.7317073170731707,0.7414634146341463,0.7432762836185819,0.7579462102689487,0.7432762836185819,0.7435339018426859,0.008390499306522364,7
