mean_fit_time,std_fit_time,mean_score_time,std_score_time,param_C,params,split0_test_score,split1_test_score,split2_test_score,split3_test_score,split4_test_score,mean_test_score,std_test_score,rank_test_score
0.2949227809906006,0.002442317958189721,0.05336241722106934,0.0003358058239831981,1,{'C': 1},0.7280334728033473,0.7217573221757322,0.7259414225941423,0.7211740041928721,0.7295597484276729,0.7252931940387534,0.003334754238004068,1
0.32088499069213866,0.005251558209103557,0.05218491554260254,0.0009553375712836148,5,{'C': 5},0.7238493723849372,0.702928870292887,0.7050209205020921,0.7127882599580713,0.7023060796645703,0.7093787005605116,0.008144175368840526,2
0.32361741065979005,0.004735439113371049,0.050799322128295896,0.0006431677339304258,10,{'C': 10},0.7071129707112971,0.702928870292887,0.6861924686192469,0.6960167714884696,0.6918238993710691,0.6968149960965939,0.007507516738692243,3
0.3246951103210449,0.006520444585719018,0.048013830184936525,0.0004031602085339246,20,{'C': 20},0.702928870292887,0.698744769874477,0.6799163179916318,0.6855345911949685,0.6813417190775681,0.6896932536863065,0.009378086882480053,9
0.32836170196533204,0.00892319553446868,0.047237062454223634,0.0003309301615044007,50,{'C': 50},0.702928870292887,0.702928870292887,0.6841004184100419,0.6876310272536688,0.6813417190775681,0.6917861810654106,0.009313883008172432,4
0.3280825138092041,0.012167275259802452,0.047268342971801755,0.0005692721246978997,100,{'C': 100},0.702928870292887,0.702928870292887,0.6841004184100419,0.6876310272536688,0.6813417190775681,0.6917861810654106,0.009313883008172432,4
0.328725004196167,0.010484007017466358,0.04726905822753906,0.0003497694133866675,200,{'C': 200},0.702928870292887,0.702928870292887,0.6841004184100419,0.6876310272536688,0.6813417190775681,0.6917861810654106,0.009313883008172432,4
0.32769503593444826,0.009958056140736707,0.04712386131286621,0.0007747392471701596,500,{'C': 500},0.702928870292887,0.702928870292887,0.6841004184100419,0.6876310272536688,0.6813417190775681,0.6917861810654106,0.009313883008172432,4
0.32749013900756835,0.009083645719169168,0.04773869514465332,0.000552928546286997,1000,{'C': 1000},0.702928870292887,0.702928870292887,0.6841004184100419,0.6876310272536688,0.6813417190775681,0.6917861810654106,0.009313883008172432,4
