mean_fit_time,std_fit_time,mean_score_time,std_score_time,param_C,params,split0_test_score,split1_test_score,split2_test_score,split3_test_score,split4_test_score,mean_test_score,std_test_score,rank_test_score
7.639033555984497,0.2761760772652675,1.8263636589050294,0.06797947584280159,1,{'C': 1},0.7747252747252747,0.7564102564102564,0.7655677655677655,0.7765567765567766,0.7559633027522936,0.7658446752024733,0.008721704210773796,1
8.25100393295288,0.7012494229895212,1.5401855945587157,0.3009373543979427,5,{'C': 5},0.7692307692307693,0.7545787545787546,0.7655677655677655,0.7893772893772893,0.7357798165137615,0.7629068790536679,0.017623789070614054,2
8.423550701141357,0.6783259187424676,1.7663296222686768,0.06686052573758035,10,{'C': 10},0.7637362637362637,0.73992673992674,0.76007326007326,0.7875457875457875,0.7339449541284404,0.7570454010820983,0.01903096611721222,3
7.838677167892456,1.098347852651218,1.4599600315093995,0.2089686025478251,20,{'C': 20},0.7509157509157509,0.7380952380952381,0.7545787545787546,0.793040293040293,0.7321100917431193,0.7537480256746312,0.021287574354005977,6
9.04525671005249,0.7011814989730527,1.7656404972076416,0.06373655228645185,50,{'C': 50},0.76007326007326,0.7417582417582418,0.7454212454212454,0.793040293040293,0.7431192660550459,0.7566824612696171,0.01932302782913411,4
8.646761417388916,0.15103834756194923,1.6786844253540039,0.17384566492269335,100,{'C': 100},0.76007326007326,0.7417582417582418,0.7454212454212454,0.7912087912087912,0.7376146788990826,0.7552152434721242,0.019523979974413484,5
8.491031742095947,0.8781706712861456,1.6117140769958496,0.3390387068506308,200,{'C': 200},0.76007326007326,0.7417582417582418,0.7380952380952381,0.7857142857142857,0.7412844036697248,0.75338508586215,0.01791813771256092,7
8.63163161277771,0.15755937969002737,1.7300278663635253,0.05675799395394538,500,{'C': 500},0.76007326007326,0.7417582417582418,0.7307692307692307,0.7857142857142857,0.7394495412844037,0.7515529119198844,0.019565195315471632,8
8.130353784561157,1.0481265905030295,1.6806029796600341,0.11624266852524133,1000,{'C': 1000},0.76007326007326,0.7417582417582418,0.7307692307692307,0.7857142857142857,0.7394495412844037,0.7515529119198844,0.019565195315471632,8
