mean_fit_time,std_fit_time,mean_score_time,std_score_time,param_C,params,split0_test_score,split1_test_score,split2_test_score,split3_test_score,split4_test_score,mean_test_score,std_test_score,rank_test_score
3.2632408618927,0.026020908573291937,0.7053358078002929,0.055851756833915765,1,{'C': 1},0.7514619883040936,0.750733137829912,0.7595307917888563,0.7360703812316716,0.7536656891495601,0.7502923976608187,0.007753127975383798,2
3.4893752098083497,0.08096600197918952,0.7475408554077149,0.008785895423057414,5,{'C': 5},0.7514619883040936,0.7624633431085044,0.7741935483870968,0.7243401759530792,0.7624633431085044,0.7549844797722557,0.016925344388576034,1
3.4167487621307373,0.07377116437468847,0.7196598052978516,0.013488917144648966,10,{'C': 10},0.7339181286549707,0.7565982404692082,0.7565982404692082,0.7243401759530792,0.7565982404692082,0.745610605203135,0.013793690981979894,6
3.4693023204803466,0.04786630668312595,0.6687831878662109,0.06911540683243157,20,{'C': 20},0.716374269005848,0.7536656891495601,0.7448680351906158,0.7214076246334311,0.7565982404692082,0.7385827716897329,0.01661179893681269,9
3.4703039169311523,0.2866715710172801,0.6646891593933105,0.027854411020026757,50,{'C': 50},0.716374269005848,0.7536656891495601,0.750733137829912,0.7214076246334311,0.7712609970674487,0.7426883435372401,0.02072156788067766,7
3.1310654640197755,0.1724722825367603,0.5987576007843017,0.11906424464812554,100,{'C': 100},0.7222222222222222,0.7536656891495601,0.7390029325513197,0.7243401759530792,0.7683284457478006,0.7415118931247964,0.017550478111483116,8
3.4216204643249513,0.19948055389807356,0.6590402603149415,0.01943108696461741,200,{'C': 200},0.7309941520467836,0.7536656891495601,0.7448680351906158,0.718475073313783,0.782991202346041,0.7461988304093568,0.021959019011291745,3
3.2412179470062257,0.20400849869354556,0.6176035881042481,0.08811335395378331,500,{'C': 500},0.7309941520467836,0.7536656891495601,0.7448680351906158,0.718475073313783,0.782991202346041,0.7461988304093568,0.021959019011291745,3
2.266199827194214,0.029740608359552435,0.44003610610961913,0.011416987825671437,1000,{'C': 1000},0.7309941520467836,0.7536656891495601,0.7448680351906158,0.718475073313783,0.782991202346041,0.7461988304093568,0.021959019011291745,3
