mean_fit_time,std_fit_time,mean_score_time,std_score_time,param_C,params,split0_test_score,split1_test_score,split2_test_score,split3_test_score,split4_test_score,mean_test_score,std_test_score,rank_test_score
0.2739163875579834,0.002147198695488188,0.05065231323242188,0.0005739345506198148,1,{'C': 1},0.7192982456140351,0.7243401759530792,0.7272727272727273,0.7272727272727273,0.7155425219941349,0.7227452796213407,0.004632515939851197,1
0.28656601905822754,0.002789004596156581,0.04965863227844238,0.0007178971567795398,5,{'C': 5},0.6783625730994152,0.7038123167155426,0.7126099706744868,0.6979472140762464,0.6920821114369502,0.6969628372005283,0.011510937946338999,2
0.29378671646118165,0.0042429821604349416,0.047834348678588864,0.0008914052349456425,10,{'C': 10},0.672514619883041,0.7038123167155426,0.6920821114369502,0.6774193548387096,0.6774193548387096,0.6846495515425906,0.011612601524141833,3
0.2941747188568115,0.003932991069849718,0.0458895206451416,0.000573851789420441,20,{'C': 20},0.6871345029239766,0.7008797653958945,0.6920821114369502,0.656891495601173,0.6715542521994134,0.6817084255114815,0.015643421585797786,9
0.29828763008117676,0.00261095036487696,0.0454256534576416,0.0005386375418417215,50,{'C': 50},0.6842105263157895,0.7038123167155426,0.6920821114369502,0.6539589442815249,0.6744868035190615,0.6817101404537738,0.01687981867499847,4
0.29320926666259767,0.011803557387138387,0.044775962829589844,0.00048552673085796585,100,{'C': 100},0.6842105263157895,0.7038123167155426,0.6920821114369502,0.6539589442815249,0.6744868035190615,0.6817101404537738,0.01687981867499847,4
0.3043668270111084,0.005868844500138802,0.045739603042602536,0.000775101204642232,200,{'C': 200},0.6842105263157895,0.7038123167155426,0.6920821114369502,0.6539589442815249,0.6744868035190615,0.6817101404537738,0.01687981867499847,4
0.20849208831787108,0.04906481985070928,0.029772377014160155,0.005902289222449676,500,{'C': 500},0.6842105263157895,0.7038123167155426,0.6920821114369502,0.6539589442815249,0.6744868035190615,0.6817101404537738,0.01687981867499847,4
0.23822908401489257,0.036080205405654035,0.0389951229095459,0.010496326480091613,1000,{'C': 1000},0.6842105263157895,0.7038123167155426,0.6920821114369502,0.6539589442815249,0.6744868035190615,0.6817101404537738,0.01687981867499847,4
