mean_fit_time,std_fit_time,mean_score_time,std_score_time,param_C,params,split0_test_score,split1_test_score,split2_test_score,split3_test_score,split4_test_score,mean_test_score,std_test_score,rank_test_score
6.949313640594482,0.13309179724080378,1.5697530269622804,0.03887156404088987,1,{'C': 1},0.7536585365853659,0.7560975609756098,0.7701711491442543,0.7677261613691931,0.7555012224938875,0.7606309261136621,0.006882407910618273,4
7.448969841003418,0.04770565869065887,1.5853888511657714,0.06334436041654384,5,{'C': 5},0.7707317073170732,0.7609756097560976,0.7750611246943765,0.7506112469437652,0.7579462102689487,0.7630651797960523,0.008813046393781974,2
7.447462368011474,0.13081667744627953,1.6215313911437987,0.018057139651424536,10,{'C': 10},0.7780487804878049,0.7536585365853659,0.7750611246943765,0.7555012224938875,0.7603911980440098,0.764532172461089,0.010104446657482485,1
7.3975756645202635,0.15423474800089088,1.5672592163085937,0.05438061890872816,20,{'C': 20},0.7707317073170732,0.7585365853658537,0.7652811735941321,0.7555012224938875,0.7555012224938875,0.7611103822529668,0.005991914105235537,3
7.477592182159424,0.06484177276308728,1.5643600940704345,0.063929021396145,50,{'C': 50},0.7634146341463415,0.7414634146341463,0.7603911980440098,0.7555012224938875,0.7603911980440098,0.756232333472479,0.007808114227324134,5
7.414265727996826,0.12309001294946953,1.5222683906555177,0.13577163402979583,100,{'C': 100},0.7682926829268293,0.7292682926829268,0.7726161369193154,0.7506112469437652,0.7530562347188264,0.7547689188383326,0.01530958422129956,6
7.414556169509888,0.09870228180679701,1.5224992752075195,0.052752191341635495,200,{'C': 200},0.7536585365853659,0.7195121951219512,0.7677261613691931,0.7506112469437652,0.7212713936430318,0.7425559067326615,0.019003903579479828,7
7.4722143650054935,0.07481936829265548,1.5420428276062013,0.033940618103818466,500,{'C': 500},0.7536585365853659,0.7195121951219512,0.7677261613691931,0.7506112469437652,0.7212713936430318,0.7425559067326615,0.019003903579479828,7
7.349414396286011,0.19593530743141419,1.5756208419799804,0.024066903232233382,1000,{'C': 1000},0.7536585365853659,0.7195121951219512,0.7677261613691931,0.7506112469437652,0.7212713936430318,0.7425559067326615,0.019003903579479828,7
