mean_fit_time,std_fit_time,mean_score_time,std_score_time,param_C,params,split0_test_score,split1_test_score,split2_test_score,split3_test_score,split4_test_score,mean_test_score,std_test_score,rank_test_score
0.23379454612731934,0.0032094989987878045,0.04873647689819336,0.0014433391778923567,1,{'C': 1},0.7397660818713451,0.7419354838709677,0.7302052785923754,0.7302052785923754,0.7360703812316716,0.7356365008317471,0.004814877550246256,1
0.2791761875152588,0.0035613903700624848,0.04956903457641602,0.0017484801733401959,5,{'C': 5},0.7309941520467836,0.7126099706744868,0.6774193548387096,0.7067448680351907,0.7214076246334311,0.7098351940457205,0.018164023701172725,2
0.28430948257446287,0.0035859040258247334,0.04712796211242676,0.0009368026716129737,10,{'C': 10},0.7192982456140351,0.7038123167155426,0.6715542521994134,0.7067448680351907,0.6920821114369502,0.6986983588002265,0.016098642585622405,3
0.30858659744262695,0.042387807221167126,0.045564794540405275,0.0012921133957691272,20,{'C': 20},0.7192982456140351,0.6832844574780058,0.6656891495601173,0.7008797653958945,0.6744868035190615,0.6887276843134228,0.01921165157205251,4
0.5646095752716065,0.1322366292798044,0.08117756843566895,0.01873690549354627,50,{'C': 50},0.7076023391812866,0.6803519061583577,0.6627565982404692,0.6950146627565983,0.6774193548387096,0.6846289722350842,0.0153903266881547,9
0.3193068027496338,0.021984813605554373,0.04366974830627442,0.0009692544995456596,100,{'C': 100},0.7134502923976608,0.6862170087976539,0.6627565982404692,0.6950146627565983,0.6774193548387096,0.6869715834062183,0.016994076116772425,5
0.43941025733947753,0.16227266252918177,0.06743869781494141,0.02076220737445348,200,{'C': 200},0.7134502923976608,0.6862170087976539,0.6627565982404692,0.6950146627565983,0.6774193548387096,0.6869715834062183,0.016994076116772425,5
0.3277105808258057,0.02828676243790171,0.04407968521118164,0.0010656867412769853,500,{'C': 500},0.7134502923976608,0.6862170087976539,0.6627565982404692,0.6950146627565983,0.6774193548387096,0.6869715834062183,0.016994076116772425,5
0.30985245704650877,0.02227491384043958,0.044502544403076175,0.0016448676016699243,1000,{'C': 1000},0.7134502923976608,0.6862170087976539,0.6627565982404692,0.6950146627565983,0.6774193548387096,0.6869715834062183,0.016994076116772425,5
