mean_fit_time,std_fit_time,mean_score_time,std_score_time,param_C,params,split0_test_score,split1_test_score,split2_test_score,split3_test_score,split4_test_score,mean_test_score,std_test_score,rank_test_score
0.6415157318115234,0.004259919250491864,0.14515190124511718,0.0011746459863877325,1,{'C': 1},0.751219512195122,0.7463414634146341,0.7506112469437652,0.7530562347188264,0.7432762836185819,0.7489009481781859,0.0035708565041435146,1
0.7652369022369385,0.016400963352675636,0.14487314224243164,0.0008348515024311814,5,{'C': 5},0.7073170731707317,0.724390243902439,0.7408312958435208,0.7334963325183375,0.7457212713936431,0.7303512433657344,0.01357989218269009,2
0.7668472290039062,0.00480644138875962,0.1420527458190918,0.000699301820823634,10,{'C': 10},0.7048780487804878,0.7024390243902439,0.7334963325183375,0.7383863080684596,0.7286063569682152,0.7215612141451487,0.014960955992949627,4
1.196934175491333,0.2307887325260468,0.22071428298950196,0.04200647534145262,20,{'C': 20},0.697560975609756,0.7048780487804878,0.7506112469437652,0.7359413202933985,0.7359413202933985,0.7249865823841611,0.020264022452350136,3
1.3631373405456544,0.11013163733584776,0.2282158374786377,0.006238072612588408,50,{'C': 50},0.697560975609756,0.6926829268292682,0.7090464547677262,0.7237163814180929,0.7163814180929096,0.7078776313435506,0.011505294190113325,5
1.3079728603363037,0.010965134309346553,0.22625770568847656,0.0023931134948045217,100,{'C': 100},0.697560975609756,0.6902439024390243,0.706601466992665,0.726161369193154,0.7114914425427873,0.7064118313554774,0.012293268313756132,6
1.2715051174163818,0.19356115940155313,0.23774380683898927,0.01652861729979662,200,{'C': 200},0.697560975609756,0.6902439024390243,0.706601466992665,0.726161369193154,0.7114914425427873,0.7064118313554774,0.012293268313756132,6
1.1730323791503907,0.2088810069803453,0.19973254203796387,0.03912655868523723,500,{'C': 500},0.697560975609756,0.6902439024390243,0.706601466992665,0.726161369193154,0.7114914425427873,0.7064118313554774,0.012293268313756132,6
1.3164587497711182,0.003998605676749139,0.22193174362182616,0.0077284067576906266,1000,{'C': 1000},0.697560975609756,0.6902439024390243,0.706601466992665,0.726161369193154,0.7114914425427873,0.7064118313554774,0.012293268313756132,6
