mean_fit_time,std_fit_time,mean_score_time,std_score_time,param_C,params,split0_test_score,split1_test_score,split2_test_score,split3_test_score,split4_test_score,mean_test_score,std_test_score,rank_test_score
3.737430143356323,0.2673273427540926,0.8545741558074951,0.00849305620797976,1,{'C': 1},0.7509157509157509,0.7435897435897436,0.7655677655677655,0.7673992673992674,0.7743119266055046,0.7603568908156064,0.011329286440270885,2
3.085282564163208,0.4001978837359427,0.5014110565185547,0.005146558692467389,5,{'C': 5},0.7326007326007326,0.7490842490842491,0.7619047619047619,0.7802197802197802,0.7853211009174312,0.761826124945391,0.01952857184850528,1
2.906297206878662,0.04816156552520341,0.4888624668121338,0.007260783016604454,10,{'C': 10},0.7161172161172161,0.7417582417582418,0.7564102564102564,0.7728937728937729,0.781651376146789,0.7537661726652553,0.023289805393703313,3
2.8638453483581543,0.029715470699257417,0.47200846672058105,0.009076705822473479,20,{'C': 20},0.7051282051282052,0.7454212454212454,0.7454212454212454,0.76007326007326,0.7853211009174312,0.7482730113922775,0.026036690466602102,4
3.4537482261657715,0.8012915782101997,0.5759835243225098,0.15286087129377623,50,{'C': 50},0.6959706959706959,0.7289377289377289,0.7307692307692307,0.7509157509157509,0.7871559633027523,0.7387498739792318,0.029937217548322674,5
4.058430337905884,0.5262703091536325,0.6854426860809326,0.11844190372490615,100,{'C': 100},0.6996336996336996,0.7234432234432234,0.7161172161172161,0.7472527472527473,0.7724770642201835,0.731784790133414,0.025471027064172598,6
2.7242886066436767,0.030083888736923817,0.4317439079284668,0.015509472427837193,200,{'C': 200},0.6813186813186813,0.7142857142857143,0.7161172161172161,0.7472527472527473,0.7669724770642202,0.7251893672077159,0.029524402317807768,7
2.8244181156158445,0.18687238632990802,0.49522933959960935,0.1375948502790981,500,{'C': 500},0.6813186813186813,0.7142857142857143,0.7161172161172161,0.7472527472527473,0.7669724770642202,0.7251893672077159,0.029524402317807768,7
4.392509841918946,0.06695880132377684,0.721144723892212,0.04492888222395557,1000,{'C': 1000},0.6813186813186813,0.7142857142857143,0.7161172161172161,0.7472527472527473,0.7669724770642202,0.7251893672077159,0.029524402317807768,7
