mean_fit_time,std_fit_time,mean_score_time,std_score_time,param_C,params,split0_test_score,split1_test_score,split2_test_score,split3_test_score,split4_test_score,mean_test_score,std_test_score,rank_test_score
0.22966470718383789,0.0264220339623145,0.0387171745300293,0.00771739049129042,1,{'C': 1},0.7365853658536585,0.7341463414634146,0.7334963325183375,0.7310513447432763,0.7334963325183375,0.7337551434194048,0.0017667873886264404,1
0.20971088409423827,0.046908478094665085,0.029249286651611327,0.0071164673479204126,5,{'C': 5},0.7097560975609756,0.7146341463414634,0.6919315403422983,0.7114914425427873,0.6943765281173594,0.7044379509809768,0.009376986330286144,2
0.26164093017578127,0.006856114234584802,0.04140758514404297,0.0006924399293424689,10,{'C': 10},0.7097560975609756,0.7121951219512195,0.6894865525672371,0.7090464547677262,0.6894865525672371,0.7019941558828791,0.01026569674504108,3
0.22228584289550782,0.04491727933503408,0.032431507110595705,0.007467841870957757,20,{'C': 20},0.7097560975609756,0.7121951219512195,0.6894865525672371,0.7090464547677262,0.6894865525672371,0.7019941558828791,0.01026569674504108,3
0.25907721519470217,0.0022654296953657296,0.04024033546447754,0.0008720710307423484,50,{'C': 50},0.7097560975609756,0.7121951219512195,0.6894865525672371,0.7090464547677262,0.6894865525672371,0.7019941558828791,0.01026569674504108,3
0.26191210746765137,0.004099107626148914,0.04093647003173828,0.0003160264302164099,100,{'C': 100},0.7097560975609756,0.7121951219512195,0.6894865525672371,0.7090464547677262,0.6894865525672371,0.7019941558828791,0.01026569674504108,3
0.2569874286651611,0.01273790817208766,0.037508153915405275,0.004711687012167149,200,{'C': 200},0.7097560975609756,0.7121951219512195,0.6894865525672371,0.7090464547677262,0.6894865525672371,0.7019941558828791,0.01026569674504108,3
0.2579497814178467,0.005905036635602688,0.041108560562133786,0.0002859196636306156,500,{'C': 500},0.7097560975609756,0.7121951219512195,0.6894865525672371,0.7090464547677262,0.6894865525672371,0.7019941558828791,0.01026569674504108,3
0.2596172332763672,0.0032562396288900106,0.04098234176635742,0.0006758616036482279,1000,{'C': 1000},0.7097560975609756,0.7121951219512195,0.6894865525672371,0.7090464547677262,0.6894865525672371,0.7019941558828791,0.01026569674504108,3
