mean_fit_time,std_fit_time,mean_score_time,std_score_time,param_C,params,split0_test_score,split1_test_score,split2_test_score,split3_test_score,split4_test_score,mean_test_score,std_test_score,rank_test_score
0.7923545837402344,0.02110080430229824,0.17931485176086426,0.0027266494441700873,1,{'C': 1},0.7573099415204678,0.7478005865102639,0.7302052785923754,0.7536656891495601,0.7478005865102639,0.7473564164565862,0.009310592754727919,1
0.9210221767425537,0.006181784797246942,0.17872047424316406,0.0020621688875091288,5,{'C': 5},0.7134502923976608,0.7126099706744868,0.7155425219941349,0.7302052785923754,0.7155425219941349,0.7174701171305587,0.00647140785202348,2
0.91490159034729,0.027669379248993594,0.1731229305267334,0.0034774441742776627,10,{'C': 10},0.6988304093567251,0.6862170087976539,0.7008797653958945,0.7302052785923754,0.7126099706744868,0.7057484865634273,0.01482064440106108,3
0.9247022151947022,0.06562348415431746,0.1608795166015625,0.011618867975446005,20,{'C': 20},0.6871345029239766,0.6744868035190615,0.6832844574780058,0.7038123167155426,0.7126099706744868,0.6922656102622147,0.013930504424204898,4
0.8988626956939697,0.013969955321172905,0.15987563133239746,0.003995502137906486,50,{'C': 50},0.6754385964912281,0.6510263929618768,0.6715542521994134,0.7096774193548387,0.6920821114369502,0.6799557544888615,0.019790522027941012,9
0.9004850864410401,0.023157787806949652,0.15676016807556153,0.006923219877281986,100,{'C': 100},0.6871345029239766,0.6480938416422287,0.6686217008797654,0.7126099706744868,0.7096774193548387,0.6852274870950593,0.024518956194347814,5
0.862311601638794,0.037423464453080625,0.14193992614746093,0.025849364882872594,200,{'C': 200},0.6871345029239766,0.6480938416422287,0.6686217008797654,0.7126099706744868,0.6950146627565983,0.6822949357754112,0.022185068843760224,6
0.8000713348388672,0.12393567547046395,0.157818603515625,0.008655844224323174,500,{'C': 500},0.6871345029239766,0.6480938416422287,0.6686217008797654,0.7126099706744868,0.6950146627565983,0.6822949357754112,0.022185068843760224,6
0.7144276618957519,0.1342378724192399,0.11819667816162109,0.027590044831520822,1000,{'C': 1000},0.6871345029239766,0.6480938416422287,0.6686217008797654,0.7126099706744868,0.6950146627565983,0.6822949357754112,0.022185068843760224,6
