mean_fit_time,std_fit_time,mean_score_time,std_score_time,param_C,params,split0_test_score,split1_test_score,split2_test_score,split3_test_score,split4_test_score,mean_test_score,std_test_score,rank_test_score
0.759061622619629,0.03753033704045375,0.1557006359100342,0.008451507031944458,1,{'C': 1},0.7426778242677824,0.7405857740585774,0.7322175732217573,0.7379454926624738,0.7463312368972747,0.7399515802215731,0.004740756886620158,1
0.8767468929290771,0.05269079589634533,0.1600954532623291,0.0047081047775570945,5,{'C': 5},0.7405857740585774,0.7112970711297071,0.7050209205020921,0.7127882599580713,0.7127882599580713,0.7164960571213038,0.01238158469256427,2
0.9305892944335937,0.01694107832403269,0.15048456192016602,0.006921025404779605,10,{'C': 10},0.7196652719665272,0.702928870292887,0.6861924686192469,0.7044025157232704,0.7044025157232704,0.7035183284650403,0.010609620530332249,3
0.9805174827575683,0.07870535392955688,0.1459662437438965,0.003298045059247562,20,{'C': 20},0.7050209205020921,0.6903765690376569,0.6694560669456067,0.7064989517819706,0.7023060796645703,0.6947317175863793,0.013853030660053944,9
1.0616690158843993,0.07103122069709807,0.14001069068908692,0.0031892996249660312,50,{'C': 50},0.702928870292887,0.694560669456067,0.6736401673640168,0.7085953878406709,0.7044025157232704,0.6968255221353824,0.012456979271205563,4
0.9791240215301513,0.011738883997598122,0.1405486583709717,0.0036109269106435688,100,{'C': 100},0.7071129707112971,0.694560669456067,0.6715481171548117,0.7023060796645703,0.7044025157232704,0.6959860705420032,0.012913808936068192,5
1.0100844860076905,0.11686447352164521,0.1395899772644043,0.0029193791519932662,200,{'C': 200},0.7071129707112971,0.694560669456067,0.6715481171548117,0.7023060796645703,0.7044025157232704,0.6959860705420032,0.012913808936068192,5
0.9643052101135254,0.02779295103070537,0.13928189277648925,0.0025966763067064884,500,{'C': 500},0.7050209205020921,0.694560669456067,0.6715481171548117,0.7023060796645703,0.7044025157232704,0.6955676605001623,0.012575989645309768,8
0.9286671161651612,0.06528720147372997,0.1271453857421875,0.02055011459493138,1000,{'C': 1000},0.7071129707112971,0.694560669456067,0.6715481171548117,0.7023060796645703,0.7044025157232704,0.6959860705420032,0.012913808936068192,5
