mean_fit_time,std_fit_time,mean_score_time,std_score_time,param_C,params,split0_test_score,split1_test_score,split2_test_score,split3_test_score,split4_test_score,mean_test_score,std_test_score,rank_test_score
12.939993476867675,0.24271206820514957,2.877533435821533,0.06308880790163351,1,{'C': 1},0.7615062761506276,0.7677824267782427,0.7656903765690377,0.7589098532494759,0.7631027253668763,0.7633983316228521,0.0031076504128896777,5
13.773519802093507,0.3102272290473883,2.970101833343506,0.05578274436813391,5,{'C': 5},0.7761506276150628,0.7803347280334728,0.7907949790794979,0.7756813417190775,0.7631027253668763,0.7772128803627975,0.008908308525812224,1
14.034455490112304,0.628070236673683,2.95743088722229,0.24284015591344835,10,{'C': 10},0.7719665271966527,0.7824267782426778,0.7866108786610879,0.7735849056603774,0.7589098532494759,0.7746997886020544,0.009587660565781598,2
14.36962947845459,0.8104802180809976,2.969577121734619,0.24646589495978455,20,{'C': 20},0.7656903765690377,0.7594142259414226,0.7824267782426778,0.7714884696016772,0.7610062893081762,0.7680052279325984,0.008345814277678998,3
13.647945022583007,0.31093085577629603,2.9017005443572996,0.09214670481402414,50,{'C': 50},0.7594142259414226,0.7573221757322176,0.7740585774058577,0.7735849056603774,0.7526205450733753,0.7634000859626501,0.008790455810499332,4
13.56280574798584,0.23151074019853782,2.961629056930542,0.06007344540188892,100,{'C': 100},0.7552301255230126,0.7510460251046025,0.7656903765690377,0.7651991614255765,0.7526205450733753,0.7579572467391208,0.006259859176853842,6
13.757569789886475,0.2886281916800955,2.7837515830993653,0.1208047681429293,200,{'C': 200},0.7468619246861925,0.7489539748953975,0.7635983263598326,0.7631027253668763,0.7526205450733753,0.7550274992763348,0.0070430971686715116,7
13.670035457611084,0.21781596188539432,2.882170820236206,0.0887279523184935,500,{'C': 500},0.7468619246861925,0.7489539748953975,0.7635983263598326,0.7631027253668763,0.7526205450733753,0.7550274992763348,0.0070430971686715116,7
13.464847326278687,0.38117355446026735,2.7780847549438477,0.1746308457912815,1000,{'C': 1000},0.7468619246861925,0.7489539748953975,0.7635983263598326,0.7631027253668763,0.7526205450733753,0.7550274992763348,0.0070430971686715116,7
