mean_fit_time,std_fit_time,mean_score_time,std_score_time,param_C,params,split0_test_score,split1_test_score,split2_test_score,split3_test_score,split4_test_score,mean_test_score,std_test_score,rank_test_score
1.0202719211578368,0.016270568554018122,0.20340147018432617,0.0040294143567661455,1,{'C': 1},0.7527472527472527,0.7472527472527473,0.7417582417582418,0.7435897435897436,0.7486238532110092,0.746794367711799,0.0038633185119651015,1
1.1578493595123291,0.13200401813635776,0.20174522399902345,0.0019329895387695196,5,{'C': 5},0.7106227106227107,0.7161172161172161,0.7271062271062271,0.7289377289377289,0.7137614678899082,0.7193090701347582,0.007347426644624002,2
1.3512681007385254,0.09670202233557794,0.19749560356140136,0.0025985853353525786,10,{'C': 10},0.706959706959707,0.706959706959707,0.706959706959707,0.7142857142857143,0.7027522935779816,0.7075834257485634,0.0037263275504864552,3
1.3690815448760987,0.10530669812694923,0.1881643772125244,0.006840290091578812,20,{'C': 20},0.7014652014652014,0.717948717948718,0.706959706959707,0.7087912087912088,0.691743119266055,0.705381590886178,0.008641697072167,4
1.2437238693237305,0.1560974930492425,0.1809070110321045,0.005664664518674824,50,{'C': 50},0.6941391941391941,0.7161172161172161,0.7014652014652014,0.706959706959707,0.7027522935779816,0.7042867224518601,0.00721655333311857,5
1.3011715888977051,0.14203363457806628,0.1737682819366455,0.00682463452715416,100,{'C': 100},0.6868131868131868,0.7161172161172161,0.7032967032967034,0.7051282051282052,0.7027522935779816,0.7028215209866586,0.009365827826786374,6
1.2746644020080566,0.13261560173607534,0.18000049591064454,0.005109180669082869,200,{'C': 200},0.6868131868131868,0.7161172161172161,0.7032967032967034,0.7051282051282052,0.7027522935779816,0.7028215209866586,0.009365827826786374,6
1.2631690502166748,0.14133570072638843,0.17622966766357423,0.010908779810566267,500,{'C': 500},0.6868131868131868,0.7161172161172161,0.7032967032967034,0.7051282051282052,0.7027522935779816,0.7028215209866586,0.009365827826786374,6
1.267711591720581,0.1346988746475114,0.18021016120910643,0.0054350692970309596,1000,{'C': 1000},0.6868131868131868,0.7161172161172161,0.7032967032967034,0.7051282051282052,0.7027522935779816,0.7028215209866586,0.009365827826786374,6
