mean_fit_time,std_fit_time,mean_score_time,std_score_time,param_C,params,split0_test_score,split1_test_score,split2_test_score,split3_test_score,split4_test_score,mean_test_score,std_test_score,rank_test_score
1.5477392673492432,0.4614979485109405,0.3568107604980469,0.08680781670774164,1,{'C': 1},0.7439024390243902,0.7634146341463415,0.7701711491442543,0.7677261613691931,0.784841075794621,0.76601109189576,0.013193558715313016,2
2.40335750579834,0.016187756383950855,0.4663449764251709,0.005980296441619941,5,{'C': 5},0.7439024390243902,0.7731707317073171,0.7677261613691931,0.7946210268948656,0.7750611246943765,0.7708962967380286,0.016273289648200354,1
2.374917984008789,0.0425586817717379,0.45857744216918944,0.005880421363745088,10,{'C': 10},0.7365853658536585,0.7731707317073171,0.7408312958435208,0.7726161369193154,0.7775061124694377,0.7601419285586499,0.017633392475258317,3
2.3815320491790772,0.01684124013043441,0.44585328102111815,0.008928072771069141,20,{'C': 20},0.724390243902439,0.775609756097561,0.7334963325183375,0.7652811735941321,0.7628361858190709,0.7523227383863081,0.019775725624300012,4
2.354132795333862,0.02692720376715683,0.4309722423553467,0.010474366258922082,50,{'C': 50},0.7146341463414634,0.7414634146341463,0.726161369193154,0.7652811735941321,0.7677261613691931,0.7430532530264179,0.0209682703586941,5
2.3309837341308595,0.027714103898367384,0.4221327781677246,0.020948419904463406,100,{'C': 100},0.7219512195121951,0.7365853658536585,0.7163814180929096,0.7579462102689487,0.7677261613691931,0.740118075019381,0.019929838902957128,6
2.092472553253174,0.32317063282489655,0.3887542724609375,0.07075332595121434,200,{'C': 200},0.7219512195121951,0.7170731707317073,0.7163814180929096,0.7481662591687042,0.7677261613691931,0.7342596457749418,0.02039561162913051,7
2.36144905090332,0.02282573611006058,0.4284400463104248,0.00855892274416779,500,{'C': 500},0.7219512195121951,0.7170731707317073,0.7163814180929096,0.7481662591687042,0.7677261613691931,0.7342596457749418,0.02039561162913051,7
2.3425621032714843,0.020153853136981082,0.423307466506958,0.008070410773886384,1000,{'C': 1000},0.7219512195121951,0.7170731707317073,0.7163814180929096,0.7481662591687042,0.7677261613691931,0.7342596457749418,0.02039561162913051,7
