mean_fit_time,std_fit_time,mean_score_time,std_score_time,param_C,params,split0_test_score,split1_test_score,split2_test_score,split3_test_score,split4_test_score,mean_test_score,std_test_score,rank_test_score
5.740248346328736,0.4070005327979027,1.2944233894348145,0.21053516478558507,1,{'C': 1},0.7656903765690377,0.7635983263598326,0.7761506276150628,0.7610062893081762,0.7568134171907757,0.7646518074085771,0.006467479845953663,2
6.153138113021851,0.9761733712846238,1.2905227184295653,0.20190496004160996,5,{'C': 5},0.7698744769874477,0.7489539748953975,0.7594142259414226,0.80083857442348,0.750524109014675,0.7659210722524846,0.018984990310490092,1
6.641022682189941,0.08181135753748703,1.3777300834655761,0.04128538593281058,10,{'C': 10},0.7615062761506276,0.7573221757322176,0.7594142259414226,0.7840670859538784,0.7484276729559748,0.7621474873468242,0.011831040629633345,3
4.403963804244995,0.436343136643384,0.8756102085113525,0.015170539130656423,20,{'C': 20},0.7594142259414226,0.7384937238493724,0.7510460251046025,0.7819706498951782,0.7484276729559748,0.7558704595493101,0.014658781667676979,4
5.443618583679199,1.110090604018131,1.2245360374450684,0.23612349974654426,50,{'C': 50},0.7510460251046025,0.7384937238493724,0.7468619246861925,0.7735849056603774,0.750524109014675,0.752102137663044,0.011642711261087896,9
6.738362789154053,0.3935927627459252,1.3400092124938965,0.05587185098903347,100,{'C': 100},0.7531380753138075,0.7384937238493724,0.7468619246861925,0.7735849056603774,0.750524109014675,0.752520547704885,0.011634827766752022,8
6.750554370880127,0.5692815068123263,1.3293957233428955,0.04874693144389086,200,{'C': 200},0.7531380753138075,0.7384937238493724,0.7531380753138075,0.7735849056603774,0.750524109014675,0.753775777830408,0.011290078815933236,5
6.449827861785889,0.36479338260037525,1.2643900394439698,0.16751804333720505,500,{'C': 500},0.7489539748953975,0.7384937238493724,0.7531380753138075,0.7735849056603774,0.750524109014675,0.752938957746726,0.011460114991849351,6
6.776633453369141,0.5855778106236067,1.3411982536315918,0.058505400138319015,1000,{'C': 1000},0.7489539748953975,0.7384937238493724,0.7531380753138075,0.7735849056603774,0.750524109014675,0.752938957746726,0.011460114991849351,6
