mean_fit_time,std_fit_time,mean_score_time,std_score_time,param_C,params,split0_test_score,split1_test_score,split2_test_score,split3_test_score,split4_test_score,mean_test_score,std_test_score,rank_test_score
16.16663179397583,0.9634743045395922,4.070889329910278,0.10675557068357389,1,{'C': 1},0.7673992673992674,0.7692307692307693,0.7838827838827839,0.7692307692307693,0.7651376146788991,0.7709762408844978,0.0066265600432998725,5
18.381815004348756,0.3470596584575693,4.149121475219727,0.2634384803161384,5,{'C': 5},0.7728937728937729,0.8040293040293041,0.782051282051282,0.7912087912087912,0.7688073394495413,0.7837980979265382,0.01273498005600412,1
18.143523979187012,0.7493071553578994,3.837311315536499,0.13895297452727418,10,{'C': 10},0.7619047619047619,0.7912087912087912,0.782051282051282,0.782051282051282,0.7688073394495413,0.7772046913331316,0.0104661077356953,2
18.33428192138672,0.6164289257873992,4.190121412277222,0.27983086483582803,20,{'C': 20},0.7637362637362637,0.7838827838827839,0.7783882783882784,0.7802197802197802,0.7688073394495413,0.7750068891353294,0.0075213156761143405,3
17.625352716445924,0.15601681493941766,3.9544593334197997,0.18564171070763533,50,{'C': 50},0.7673992673992674,0.7692307692307693,0.7747252747252747,0.7857142857142857,0.763302752293578,0.7720744698726351,0.007745431212723932,4
17.725983095169067,0.24148444683458264,4.006298398971557,0.14425385016573794,100,{'C': 100},0.7692307692307693,0.7545787545787546,0.7728937728937729,0.7838827838827839,0.763302752293578,0.7687777665759317,0.009766227422521548,6
17.39379229545593,0.7652742893812828,3.9175028800964355,0.10289519512228201,200,{'C': 200},0.7710622710622711,0.7490842490842491,0.7728937728937729,0.7838827838827839,0.763302752293578,0.7680451658433309,0.011536454481486656,7
18.017104864120483,0.2617590710335777,3.975969982147217,0.29303622620504893,500,{'C': 500},0.7710622710622711,0.7490842490842491,0.7728937728937729,0.7838827838827839,0.763302752293578,0.7680451658433309,0.011536454481486656,7
18.167563581466673,0.33693539839227127,4.094415807723999,0.21191884140782188,1000,{'C': 1000},0.7710622710622711,0.7490842490842491,0.7728937728937729,0.7838827838827839,0.763302752293578,0.7680451658433309,0.011536454481486656,7
