mean_fit_time,std_fit_time,mean_score_time,std_score_time,param_C,params,split0_test_score,split1_test_score,split2_test_score,split3_test_score,split4_test_score,mean_test_score,std_test_score,rank_test_score
0.16224007606506347,0.011987896549249524,0.03003692626953125,0.0005374072605861956,1,{'C': 1},0.6988304093567251,0.7272727272727273,0.7302052785923754,0.7126099706744868,0.7272727272727273,0.7192382226338084,0.011914658306241973,1
0.18157124519348145,0.002546828244987844,0.0302523136138916,0.0004202346045307591,5,{'C': 5},0.6783625730994152,0.718475073313783,0.7008797653958945,0.6774193548387096,0.6920821114369502,0.6934437756169505,0.015283577253850877,2
0.18312768936157225,0.0026191392956557936,0.029796123504638672,0.0002013959996616592,10,{'C': 10},0.6783625730994152,0.7155425219941349,0.7008797653958945,0.6744868035190615,0.6920821114369502,0.6922707550890912,0.015002881319772784,3
0.16949715614318847,0.01430698098295774,0.026989555358886717,0.004280699232507018,20,{'C': 20},0.6783625730994152,0.7126099706744868,0.7008797653958945,0.6774193548387096,0.6920821114369502,0.6922707550890912,0.01343008526536091,3
0.18544282913208007,0.005509299937143935,0.030591964721679688,0.0022435429244414707,50,{'C': 50},0.6783625730994152,0.7126099706744868,0.7008797653958945,0.6774193548387096,0.6920821114369502,0.6922707550890912,0.01343008526536091,3
0.15732183456420898,0.02889123199905231,0.023546648025512696,0.0058937641568509915,100,{'C': 100},0.6783625730994152,0.7126099706744868,0.7008797653958945,0.6774193548387096,0.6920821114369502,0.6922707550890912,0.01343008526536091,3
0.18152079582214356,0.0019220225782434059,0.02972412109375,0.0005031187469769213,200,{'C': 200},0.6783625730994152,0.7126099706744868,0.7008797653958945,0.6774193548387096,0.6920821114369502,0.6922707550890912,0.01343008526536091,3
0.13425712585449218,0.02502588492034578,0.0227719783782959,0.004722033994137015,500,{'C': 500},0.6783625730994152,0.7126099706744868,0.7008797653958945,0.6774193548387096,0.6920821114369502,0.6922707550890912,0.01343008526536091,3
0.18417868614196778,0.0030121636711035646,0.029260826110839844,0.0007725960055794643,1000,{'C': 1000},0.6783625730994152,0.7126099706744868,0.7008797653958945,0.6774193548387096,0.6920821114369502,0.6922707550890912,0.01343008526536091,3
