mean_fit_time,std_fit_time,mean_score_time,std_score_time,param_C,params,split0_test_score,split1_test_score,split2_test_score,split3_test_score,split4_test_score,mean_test_score,std_test_score,rank_test_score
0.5726968765258789,0.005623246632229631,0.1186913013458252,0.002598323870745843,1,{'C': 1},0.7365853658536585,0.7414634146341463,0.7383863080684596,0.7408312958435208,0.7383863080684596,0.7391305384936488,0.001784407367668938,1
0.6753554821014405,0.03481347641091384,0.11883645057678223,0.002476666197531969,5,{'C': 5},0.7048780487804878,0.7048780487804878,0.7090464547677262,0.7237163814180929,0.7163814180929096,0.7117800703679409,0.007299265450839977,2
0.6715152740478516,0.03298242463437769,0.10201635360717773,0.015055415504574728,10,{'C': 10},0.7097560975609756,0.6951219512195121,0.6992665036674817,0.7237163814180929,0.6919315403422983,0.7039584948416721,0.011564888223866317,3
0.6950507640838623,0.008572447869745994,0.10943870544433594,0.002947480181409932,20,{'C': 20},0.7048780487804878,0.6853658536585366,0.6821515892420538,0.706601466992665,0.6919315403422983,0.6941856998032083,0.009961609703694476,9
0.7239402294158935,0.007750758158579796,0.1049738883972168,0.0019295320901803787,50,{'C': 50},0.7073170731707317,0.6829268292682927,0.684596577017115,0.706601466992665,0.7017114914425427,0.6966306875782694,0.010696217991856195,8
0.7293460845947266,0.0072209738524664615,0.09895610809326172,0.007958266005193766,100,{'C': 100},0.7097560975609756,0.6804878048780488,0.6821515892420538,0.7114914425427873,0.7017114914425427,0.6971196851332817,0.013326472531736402,4
0.6709283828735352,0.056672566194395306,0.09792609214782715,0.010448875436446469,200,{'C': 200},0.7097560975609756,0.6804878048780488,0.6821515892420538,0.7114914425427873,0.7017114914425427,0.6971196851332817,0.013326472531736402,4
0.7024269580841065,0.06033677367429093,0.10342574119567871,0.0015842293747964657,500,{'C': 500},0.7097560975609756,0.6804878048780488,0.6821515892420538,0.7114914425427873,0.7017114914425427,0.6971196851332817,0.013326472531736402,4
0.6412720680236816,0.10707628162278462,0.09506311416625976,0.016793225036561756,1000,{'C': 1000},0.7097560975609756,0.6804878048780488,0.6821515892420538,0.7114914425427873,0.7017114914425427,0.6971196851332817,0.013326472531736402,4
