mean_fit_time,std_fit_time,mean_score_time,std_score_time,param_C,params,split0_test_score,split1_test_score,split2_test_score,split3_test_score,split4_test_score,mean_test_score,std_test_score,rank_test_score
2.9973447799682615,0.11695809862370755,0.6892411708831787,0.054401805206686436,1,{'C': 1},0.7468619246861925,0.7552301255230126,0.7761506276150628,0.7610062893081762,0.7777777777777778,0.7634053489820444,0.01196063117296215,2
3.239493227005005,0.17663938281180236,0.5841495513916015,0.10357082305539826,5,{'C': 5},0.7426778242677824,0.7238493723849372,0.7866108786610879,0.7882599580712788,0.7756813417190775,0.7634158750208327,0.02569534280638064,1
3.3552557945251467,0.022845615615624364,0.6221680164337158,0.008253050243468327,10,{'C': 10},0.7405857740585774,0.7175732217573222,0.7594142259414226,0.7819706498951782,0.7651991614255765,0.7529486066156154,0.02208355408553907,3
3.3572549343109133,0.019490294419430152,0.6085227966308594,0.010082931413316695,20,{'C': 20},0.7447698744769874,0.700836820083682,0.7343096234309623,0.7610062893081762,0.7568134171907757,0.7395472048981168,0.02150263621182288,4
3.251567506790161,0.152436244954155,0.5809873580932617,0.023266860214652133,50,{'C': 50},0.7217573221757322,0.6861924686192469,0.7322175732217573,0.7631027253668763,0.7651991614255765,0.7336938501618379,0.029183926812792978,6
3.296927881240845,0.05075088076110502,0.5678832530975342,0.025906032592902275,100,{'C': 100},0.7196652719665272,0.694560669456067,0.7301255230125523,0.7672955974842768,0.7714884696016772,0.7366271063042202,0.02917338006030836,5
3.2785808563232424,0.03574176779199193,0.5594733715057373,0.03260467510300088,200,{'C': 200},0.7154811715481172,0.694560669456067,0.7133891213389121,0.7651991614255765,0.7693920335429769,0.73160443146233,0.030068275936737623,9
2.9150692939758303,0.43902976673246163,0.4928261756896973,0.10931172788308748,500,{'C': 500},0.7154811715481172,0.694560669456067,0.7175732217573222,0.7651991614255765,0.7714884696016772,0.732860538757752,0.03013479056353342,7
3.306013822555542,0.057590139527664674,0.5774669647216797,0.016230638788903465,1000,{'C': 1000},0.7154811715481172,0.694560669456067,0.7175732217573222,0.7651991614255765,0.7714884696016772,0.732860538757752,0.03013479056353342,7
