mean_fit_time,std_fit_time,mean_score_time,std_score_time,param_C,params,split0_test_score,split1_test_score,split2_test_score,split3_test_score,split4_test_score,mean_test_score,std_test_score,rank_test_score
4.4793946743011475,0.09689892687381235,0.986127233505249,0.06945306405940439,1,{'C': 1},0.7560975609756098,0.7463414634146341,0.7555012224938875,0.7506112469437652,0.7457212713936431,0.7508545530443079,0.004378548287056635,4
4.624212789535522,0.4715182824083882,1.0790984153747558,0.022430267063012516,5,{'C': 5},0.7439024390243902,0.7585365853658537,0.7579462102689487,0.7897310513447433,0.7457212713936431,0.7591675114795159,0.016430723800297708,1
4.6417896270751955,0.7992538710867707,0.9376951694488526,0.1533413643882184,10,{'C': 10},0.7365853658536585,0.7463414634146341,0.7628361858190709,0.7897310513447433,0.7481662591687042,0.7567320651201622,0.018511728758237762,2
3.6341636180877686,0.7727536340844117,0.7789858341217041,0.16979413897756623,20,{'C': 20},0.7268292682926829,0.748780487804878,0.7506112469437652,0.7775061124694377,0.7506112469437652,0.7508676724909058,0.01607444685781148,3
5.052720594406128,0.052832776455155356,0.9855768203735351,0.05109460081022477,50,{'C': 50},0.7292682926829268,0.7341463414634146,0.7481662591687042,0.7579462102689487,0.7530562347188264,0.7445166676605641,0.01101501650732476,6
4.821781396865845,0.10030077487074636,0.9344080448150635,0.09168998189751669,100,{'C': 100},0.7341463414634146,0.7341463414634146,0.7481662591687042,0.7603911980440098,0.7603911980440098,0.7474482676367107,0.011742545607627228,5
4.899692535400391,0.062106253808053354,0.9465094566345215,0.05029455397383861,200,{'C': 200},0.7195121951219512,0.7365853658536585,0.7481662591687042,0.7383863080684596,0.7677261613691931,0.7420752579163933,0.015798153137044198,7
4.822210073471069,0.11487309013151543,0.9205589294433594,0.0791485745987441,500,{'C': 500},0.7195121951219512,0.7365853658536585,0.7481662591687042,0.7383863080684596,0.7677261613691931,0.7420752579163933,0.015798153137044198,7
4.2331537246704105,0.7501908724982155,0.7866637229919433,0.1790134550088203,1000,{'C': 1000},0.7195121951219512,0.7365853658536585,0.7481662591687042,0.7383863080684596,0.7677261613691931,0.7420752579163933,0.015798153137044198,7
