mean_fit_time,std_fit_time,mean_score_time,std_score_time,param_C,params,split0_test_score,split1_test_score,split2_test_score,split3_test_score,split4_test_score,mean_test_score,std_test_score,rank_test_score
2.346820020675659,0.4431323225435768,0.503804874420166,0.1271469596289254,1,{'C': 1},0.7514619883040936,0.7536656891495601,0.7360703812316716,0.7595307917888563,0.7624633431085044,0.7526384387165372,0.009175762475475259,9
2.0586829662322996,0.29264094468179686,0.41995558738708494,0.06310900771143295,5,{'C': 5},0.7748538011695907,0.7536656891495601,0.7771260997067448,0.7800586510263929,0.7741935483870968,0.7719795578878772,0.009384236305332288,2
2.2929519176483155,0.5022636061174772,0.44212994575500486,0.08658909293419591,10,{'C': 10},0.7777777777777778,0.7595307917888563,0.7859237536656891,0.7859237536656891,0.7741935483870968,0.7766699250570219,0.009719839053022972,1
2.1373883724212646,0.3536881218571914,0.39834070205688477,0.08529969924543383,20,{'C': 20},0.7485380116959064,0.7419354838709677,0.7712609970674487,0.782991202346041,0.7712609970674487,0.7631973384095625,0.015419497719158714,3
2.2757966041564943,0.4599637650731882,0.40187368392944334,0.09294763187258566,50,{'C': 50},0.7485380116959064,0.7331378299120235,0.7683284457478006,0.7800586510263929,0.7683284457478006,0.7596782768259848,0.016694378256537717,4
2.1972455978393555,0.3721689276586731,0.43584213256835935,0.08846082902311642,100,{'C': 100},0.7485380116959064,0.7360703812316716,0.7683284457478006,0.7800586510263929,0.7624633431085044,0.7590917665620551,0.015347051438205304,5
2.406096887588501,0.3623055660844084,0.44720821380615233,0.1030291438592534,200,{'C': 200},0.7426900584795322,0.7331378299120235,0.7683284457478006,0.7800586510263929,0.7624633431085044,0.7573356656548509,0.01710846234239988,6
2.387212324142456,0.32739789717099044,0.4252821922302246,0.08761631888221601,500,{'C': 500},0.7426900584795322,0.7331378299120235,0.7683284457478006,0.7800586510263929,0.7624633431085044,0.7573356656548509,0.01710846234239988,6
2.377083921432495,0.5196501338441832,0.4462779998779297,0.11993224779420066,1000,{'C': 1000},0.7426900584795322,0.7331378299120235,0.7683284457478006,0.7800586510263929,0.7624633431085044,0.7573356656548509,0.01710846234239988,6
