mean_fit_time,std_fit_time,mean_score_time,std_score_time,param_C,params,split0_test_score,split1_test_score,split2_test_score,split3_test_score,split4_test_score,mean_test_score,std_test_score,rank_test_score
0.8892723083496094,0.0070162230079904245,0.19104557037353515,0.0015635353168049191,1,{'C': 1},0.7531380753138075,0.7468619246861925,0.7552301255230126,0.7547169811320755,0.7568134171907757,0.7533521047691727,0.0034507616328887164,1
1.0481814384460448,0.007617974373202484,0.19103093147277833,0.0010109767385759539,5,{'C': 5},0.7322175732217573,0.7322175732217573,0.7280334728033473,0.7295597484276729,0.7526205450733753,0.734929782549582,0.008989678438471616,2
1.0656883239746093,0.022729555663397027,0.1869509220123291,0.0019193297489277681,10,{'C': 10},0.7301255230125523,0.7217573221757322,0.7238493723849372,0.7232704402515723,0.7442348008385744,0.7286474917326737,0.008301299296569625,3
1.049144697189331,0.015046082198622248,0.18117923736572267,0.002468817032103588,20,{'C': 20},0.7217573221757322,0.7133891213389121,0.700836820083682,0.7337526205450734,0.7463312368972747,0.723213424208135,0.015778830724081927,4
1.0089727878570556,0.014499464958704068,0.17228355407714843,0.003117233884499001,50,{'C': 50},0.7175732217573222,0.6903765690376569,0.6924686192468619,0.7232704402515723,0.7463312368972747,0.7140040174381376,0.0208119418717371,5
1.0944235801696778,0.08674779072499764,0.17340269088745117,0.010460508574353055,100,{'C': 100},0.7175732217573222,0.6757322175732218,0.694560669456067,0.7127882599580713,0.7442348008385744,0.7089778339166513,0.022998171198685816,9
1.1503546237945557,0.27221572893270096,0.19647717475891113,0.057036822471326604,200,{'C': 200},0.7175732217573222,0.6861924686192469,0.694560669456067,0.7127882599580713,0.7442348008385744,0.7110698841258565,0.02018215988298967,6
1.6102959632873535,0.26924927221734185,0.2864960193634033,0.02280192466947565,500,{'C': 500},0.7175732217573222,0.6861924686192469,0.694560669456067,0.7127882599580713,0.7442348008385744,0.7110698841258565,0.02018215988298967,6
1.6950331687927247,0.07308810688735702,0.2874443531036377,0.011695710731458671,1000,{'C': 1000},0.7175732217573222,0.6861924686192469,0.694560669456067,0.7127882599580713,0.7442348008385744,0.7110698841258565,0.02018215988298967,6
