mean_fit_time,std_fit_time,mean_score_time,std_score_time,param_C,params,split0_test_score,split1_test_score,split2_test_score,split3_test_score,split4_test_score,mean_test_score,std_test_score,rank_test_score
0.44466466903686525,0.024080566069495296,0.07549290657043457,0.00393049465937168,1,{'C': 1},0.7344322344322345,0.7344322344322345,0.7307692307692307,0.7307692307692307,0.7321100917431193,0.73250260442921,0.0016498593028562542,1
0.4761812686920166,0.00951630864034624,0.07188935279846191,0.001176666442189184,5,{'C': 5},0.7032967032967034,0.7216117216117216,0.7051282051282052,0.7087912087912088,0.6807339449541284,0.7039123567563934,0.013237573822877753,2
0.448610258102417,0.043191490086388076,0.0709303379058838,0.0025341794482272484,10,{'C': 10},0.6996336996336996,0.7197802197802198,0.7124542124542125,0.706959706959707,0.671559633027523,0.7020774943710724,0.01662654960328077,3
0.46230902671813967,0.0306114193903551,0.06481723785400391,0.009275939862977806,20,{'C': 20},0.6996336996336996,0.7197802197802198,0.7124542124542125,0.706959706959707,0.6697247706422018,0.7017105218940081,0.017302579496998035,4
0.4795506000518799,0.0069422538893200636,0.06961598396301269,0.003455252856130777,50,{'C': 50},0.6996336996336996,0.7197802197802198,0.7124542124542125,0.706959706959707,0.6697247706422018,0.7017105218940081,0.017302579496998035,4
0.450179386138916,0.032210618971796785,0.06635727882385253,0.013571592184816818,100,{'C': 100},0.6996336996336996,0.7197802197802198,0.7124542124542125,0.706959706959707,0.6697247706422018,0.7017105218940081,0.017302579496998035,4
0.4288877010345459,0.02973257604344058,0.0632481575012207,0.011660802775527867,200,{'C': 200},0.6996336996336996,0.7197802197802198,0.7124542124542125,0.706959706959707,0.6697247706422018,0.7017105218940081,0.017302579496998035,4
0.47101502418518065,0.013406135838355543,0.07264971733093262,0.0015343489925381763,500,{'C': 500},0.6996336996336996,0.7197802197802198,0.7124542124542125,0.706959706959707,0.6697247706422018,0.7017105218940081,0.017302579496998035,4
0.4478152751922607,0.03426258108863388,0.06910490989685059,0.0032549120098676956,1000,{'C': 1000},0.6996336996336996,0.7197802197802198,0.7124542124542125,0.706959706959707,0.6697247706422018,0.7017105218940081,0.017302579496998035,4
