mean_fit_time,std_fit_time,mean_score_time,std_score_time,param_C,params,split0_test_score,split1_test_score,split2_test_score,split3_test_score,split4_test_score,mean_test_score,std_test_score,rank_test_score
6.555072212219239,0.14468500505210255,1.5796876430511475,0.0559509769518712,1,{'C': 1},0.7543859649122807,0.7478005865102639,0.7536656891495601,0.7478005865102639,0.7683284457478006,0.7543962545660339,0.007505270908286091,8
7.132805204391479,0.19825102345692586,1.5620283126831054,0.07739963820636084,5,{'C': 5},0.7777777777777778,0.7741935483870968,0.7624633431085044,0.7653958944281525,0.7536656891495601,0.7666992505702185,0.00858386436775464,1
7.024771451950073,0.09140063856802698,1.5444416046142577,0.05581615766770519,10,{'C': 10},0.7690058479532164,0.7741935483870968,0.7595307917888563,0.7653958944281525,0.750733137829912,0.7637718440774469,0.008082557045329597,2
7.0725932121276855,0.1197145887848747,1.5263866424560546,0.0595689330587651,20,{'C': 20},0.7573099415204678,0.7653958944281525,0.7595307917888563,0.7536656891495601,0.7478005865102639,0.7567405806794602,0.005872007485630216,3
7.408380794525146,0.39511570074875485,1.640399980545044,0.07304740203497553,50,{'C': 50},0.7602339181286549,0.7595307917888563,0.7595307917888563,0.7478005865102639,0.7419354838709677,0.7538063144175199,0.007534437701358085,9
7.632909822463989,0.3205633284114212,1.6189955234527589,0.09675121202248997,100,{'C': 100},0.7602339181286549,0.7653958944281525,0.7624633431085044,0.7478005865102639,0.7419354838709677,0.7555658452093088,0.00907835053929362,4
7.002070713043213,0.08951944870088172,1.451649808883667,0.1516408178298674,200,{'C': 200},0.7602339181286549,0.7653958944281525,0.7624633431085044,0.7478005865102639,0.7419354838709677,0.7555658452093088,0.00907835053929362,4
7.113875675201416,0.19856731523813376,1.4676254272460938,0.11742995001146196,500,{'C': 500},0.7602339181286549,0.7653958944281525,0.7624633431085044,0.7478005865102639,0.7419354838709677,0.7555658452093088,0.00907835053929362,4
7.001055955886841,0.1838652915996516,1.5049924373626709,0.04184531810746703,1000,{'C': 1000},0.7602339181286549,0.7653958944281525,0.7624633431085044,0.7478005865102639,0.7419354838709677,0.7555658452093088,0.00907835053929362,4
