mean_fit_time,std_fit_time,mean_score_time,std_score_time,param_C,params,split0_test_score,split1_test_score,split2_test_score,split3_test_score,split4_test_score,mean_test_score,std_test_score,rank_test_score
4.721500205993652,0.8720052241053654,1.2239105224609375,0.14108859757822068,1,{'C': 1},0.7531380753138075,0.7635983263598326,0.7594142259414226,0.7610062893081762,0.7610062893081762,0.7596326412462829,0.003513618314853883,2
5.087998723983764,0.8267688504712505,0.959876012802124,0.18289448840418662,5,{'C': 5},0.7447698744769874,0.7635983263598326,0.7677824267782427,0.7651991614255765,0.7735849056603774,0.7629869389402033,0.00972052223664282,1
4.385151433944702,0.7287077204169451,0.8115062236785888,0.13561662845968275,10,{'C': 10},0.7447698744769874,0.7447698744769874,0.7677824267782427,0.7631027253668763,0.7714884696016772,0.7583826741401543,0.011428147157421777,3
4.82546329498291,0.9250268921937321,0.8871042728424072,0.14370233032759197,20,{'C': 20},0.7175732217573222,0.7447698744769874,0.7594142259414226,0.7526205450733753,0.7714884696016772,0.7491732673701569,0.01807031797373795,4
4.289534854888916,0.5318516372238431,0.859796142578125,0.13393448906486413,50,{'C': 50},0.7217573221757322,0.7280334728033473,0.7615062761506276,0.7631027253668763,0.7463312368972747,0.7441462066787716,0.01689010545927162,5
5.181617259979248,0.11984691484854951,0.9875658988952637,0.03533614286644143,100,{'C': 100},0.7154811715481172,0.7238493723849372,0.7573221757322176,0.7610062893081762,0.7463312368972747,0.7407980491741446,0.018112083435306715,7
4.887424516677856,0.659053749005673,0.9579606056213379,0.07195765593539348,200,{'C': 200},0.7154811715481172,0.7238493723849372,0.7468619246861925,0.7735849056603774,0.7463312368972747,0.7412217222353797,0.02034536386588365,6
5.193928861618042,0.09061787152631344,0.9977718830108643,0.07774238371094248,500,{'C': 500},0.7154811715481172,0.7238493723849372,0.7468619246861925,0.7568134171907757,0.7463312368972747,0.7378674245414594,0.015550806405205493,8
4.70657958984375,0.5710036451395575,0.7718537330627442,0.13019876851717072,1000,{'C': 1000},0.7154811715481172,0.7238493723849372,0.7468619246861925,0.7568134171907757,0.7463312368972747,0.7378674245414594,0.015550806405205493,8
