mean_fit_time,std_fit_time,mean_score_time,std_score_time,param_C,params,split0_test_score,split1_test_score,split2_test_score,split3_test_score,split4_test_score,mean_test_score,std_test_score,rank_test_score
0.8359094619750976,0.013003123789567403,0.18992457389831544,0.00185091567607936,1,{'C': 1},0.7690058479532164,0.7653958944281525,0.750733137829912,0.7683284457478006,0.7741935483870968,0.7655313748692357,0.00792382474801762,3
0.9843095779418946,0.0034858161538153325,0.18834471702575684,0.0018863564855913298,5,{'C': 5},0.783625730994152,0.7624633431085044,0.7741935483870968,0.7741935483870968,0.782991202346041,0.7754934746445782,0.00768782750089557,1
0.9769404888153076,0.00907721813130197,0.2175269603729248,0.06706494172283863,10,{'C': 10},0.7456140350877193,0.750733137829912,0.7595307917888563,0.7741935483870968,0.8005865102639296,0.766131604671503,0.01976759787766398,2
0.9666654586791992,0.005263958940046893,0.17892079353332518,0.0008383130505244091,20,{'C': 20},0.7456140350877193,0.7302052785923754,0.7419354838709677,0.7624633431085044,0.7888563049853372,0.753814889128981,0.02033954064099982,4
0.9698275566101074,0.01623360302056569,0.1745215892791748,0.0013312469179546768,50,{'C': 50},0.7426900584795322,0.6950146627565983,0.7272727272727273,0.750733137829912,0.782991202346041,0.7397403577369623,0.02883056402122797,5
1.0255844593048096,0.06663931812596119,0.1903010845184326,0.03579098333210573,100,{'C': 100},0.7309941520467836,0.6920821114369502,0.7302052785923754,0.7565982404692082,0.782991202346041,0.7385741969782718,0.03028777444348907,6
0.9889703273773194,0.042595417227747484,0.1721677303314209,0.001985904496357337,200,{'C': 200},0.7309941520467836,0.6920821114369502,0.7302052785923754,0.7565982404692082,0.782991202346041,0.7385741969782718,0.03028777444348907,6
0.9568360328674317,0.00438594241223803,0.1713050365447998,0.0016015391473137022,500,{'C': 500},0.7309941520467836,0.6920821114369502,0.7302052785923754,0.7565982404692082,0.7683284457478006,0.7356416456586237,0.026291413318743666,8
0.9552340030670166,0.004300962178716587,0.17157082557678222,0.0017207930962460092,1000,{'C': 1000},0.7309941520467836,0.6920821114369502,0.7302052785923754,0.7565982404692082,0.7683284457478006,0.7356416456586237,0.026291413318743666,8
